Country Name,Country Code,Series Name,Series Code,2001 [YR2001],2002 [YR2002],2003 [YR2003],2004 [YR2004],2005 [YR2005],2006 [YR2006],2007 [YR2007],2008 [YR2008],2009 [YR2009],2010 [YR2010],2011 [YR2011],2012 [YR2012],2013 [YR2013],2014 [YR2014],2015 [YR2015],2016 [YR2016],2017 [YR2017],2018 [YR2018],2019 [YR2019],2020 [YR2020]
Ethiopia,ETH,"Adolescent fertility rate (births per 1,000 women ages 15-19)",SP.ADO.TFRT,108.3464,106.049,102.1638,98.2786,94.3934,90.5082,86.623,84.894,83.165,81.436,79.707,77.978,75.7278,73.4776,71.2274,68.9772,66.727,65.0748,63.4226,..
Ethiopia,ETH,"Agriculture, forestry, and fishing, value added (% of GDP)",NV.AGR.TOTL.ZS,42.3405711240311,38.6923716914638,37.2850554139561,38.6797549469264,41.1744985607337,42.5241701226393,42.2650121920913,45.1845583729593,45.8826942649105,41.4468200699758,41.2499638574537,44.3309427521463,41.2395055340925,38.5204496889284,36.0569753905786,34.6988795973718,33.7792806688833,31.1119291620779,33.521071998115,35.4514063305248
Ethiopia,ETH,"Annual freshwater withdrawals, total (% of internal resources)",ER.H2O.FWTL.ZS,..,4.55573770491803,..,..,..,..,6.84425484352459,..,..,..,..,7.84508941877049,..,..,..,..,8.64598360655738,..,..,..
Ethiopia,ETH,Births attended by skilled health staff (% of total),SH.STA.BRTC.ZS,..,..,..,6.4,5.7,..,..,..,..,..,10,..,23.1,15.5,..,27.7,..,..,..,..
Ethiopia,ETH,CO2 emissions (metric tons per capita),EN.ATM.CO2E.PC,0.0645545380358419,0.065153462065359,0.0695574281160353,0.0717946568288141,0.0661459604269021,0.0687992699123402,0.0752407738851992,0.0829753053430935,0.0813056557305241,0.0738247695725838,0.0836477260110525,0.0912355801680249,0.107772862988097,0.125695422925035,0.127732852055517,0.144300198619813,0.145300852934804,0.149050931014413,..,..
Ethiopia,ETH,"Contraceptive prevalence, any method (% of married women ages 15-49)",SP.DYN.CONU.ZS,..,..,..,..,14.7,..,..,..,..,..,28.6,..,..,42,37,35.9,36.6,40.1,41.4,..
Ethiopia,ETH,Domestic credit provided by financial sector (% of GDP),FS.AST.DOMS.GD.ZS,44.1983447469965,46.3313874467915,46.8233927019444,45.943047634991,49.4509741006998,46.8281708743149,..,..,..,..,..,..,..,..,..,..,..,..,..,..
Ethiopia,ETH,Electric power consumption (kWh per capita),EG.USE.ELEC.KH.PC,26.5700609961158,26.2324661269717,28.6266228063205,30.7787600101014,33.5314175629444,37.4828614966861,39.5664827416072,40.9931777414498,42.1545773506166,48.2998840186626,52.5516283971294,57.2109636869234,64.0556607837815,69.1987454026874,..,..,..,..,..,..
Ethiopia,ETH,Energy use (kg of oil equivalent per capita),EG.USE.PCAP.KG.OE,482.405396571585,482.688611075034,484.044752251613,484.629828096382,482.905735719251,483.940307460115,485.597013166875,486.760867919764,486.731873176834,486.690306871653,489.175651438284,489.193868080383,492.145166733583,493.130107994898,..,..,..,..,..,..
Ethiopia,ETH,Exports of goods and services (% of GDP),NE.EXP.GNFS.ZS,..,..,..,..,..,..,..,..,..,..,16.6868531997337,13.7672981990263,12.484073558977,11.6416199095703,9.36331359735926,7.81208050267299,7.62936862241418,8.37267586646371,7.9399766087609,7.08963417832595
Ethiopia,ETH,"External debt stocks, total (DOD, current US$)",DT.DOD.DECT.CD,5745843979,6552441032.8,7281813432.4,6568177206.7,6175805430.4,2220991208.6,2591387173.4,2846424291.2,5360207433.9,7286199658.5,8606311904.7,10463932699.2,12584252082.9,16944825499.2,20443253424.1,23396100284.1,26169980394.7,27842380882.8,28374718501.4,30364411863
Ethiopia,ETH,"Fertility rate, total (births per woman)",SP.DYN.TFRT.IN,6.407,6.262,6.112,5.961,5.812,5.667,5.526,5.39,5.26,5.136,5.017,4.901,4.787,4.675,4.565,4.456,4.35,4.247,4.146,..
Ethiopia,ETH,"Foreign direct investment, net inflows (BoP, current US$)",BX.KLT.DINV.CD.WD,349399999.9,255000000,465000000,545100000,265111675.482385,545257102.178304,222000572.994807,108537543.965443,221459581.361984,288271568.250744,628624805.998665,278562822.162861,1343876023.73137,1855052153.64106,2626517918.313,4142937496.46329,4017159564.65434,3360419368.65295,2548743427.35754,2395799880.65984
Ethiopia,ETH,Forest area (sq. km),AG.LND.FRST.K2,184555,183825,183095,182365,181635,180905,180175,179445,178715,177985,177255,176525,175795,175065,174335,173605,172875,172145,171415,170685
Ethiopia,ETH,GDP (current US$),NY.GDP.MKTP.CD,8231326016.47494,7850809498.16803,8623691300.04079,10131187261.4421,12401139453.9738,15280861834.6024,19707616772.7996,27066912635.2228,32437389116.038,29933790334.3418,31952763089.33,43310721414.0829,47648211133.2183,55612228233.5179,64589334978.8013,74296618481.0882,81770791970.982,84269348327.3454,95912590628.1412,107645054311.876
Ethiopia,ETH,GDP growth (annual %),NY.GDP.MKTP.KD.ZG,8.30130632052328,1.51472570631101,-2.16135972205798,13.5726031368695,11.8187659466494,10.834727065877,11.4561670000236,10.7885216853725,8.80255319782566,12.5505383459308,11.1782962271641,8.64781163337416,10.5822700482672,10.2574929610051,10.3924630202334,9.43348265784402,9.56418964295607,6.81614779681703,8.3640856990789,6.05661779202561
Ethiopia,ETH,"GNI per capita, Atlas method (current US$)",NY.GNP.PCAP.CD,130,120,110,140,160,180,220,280,340,380,390,410,470,550,600,670,740,800,850,890
Ethiopia,ETH,"GNI per capita, PPP (current international $)",NY.GNP.PCAP.PP.CD,520,520,500,570,640,710,790,870,930,1020,1130,1210,1280,1510,1650,1870,2010,2140,2300,2410
Ethiopia,ETH,"GNI, Atlas method (current US$)",NY.GNP.ATLS.CD,8565169694.41642,8244554537.35119,8231634992.17292,10032643822.7899,12291510934.1238,14407106797.3316,17783871681.3498,23011340074.888,28930389370.8786,33247716569.7411,35237153539.824,38143234738.8908,44574863493.5552,53613560417.0118,60070079523.1626,68942747989.1675,78378593589.7494,86862198769.1083,94972317026.588,102666247648.049
Ethiopia,ETH,"GNI, PPP (current international $)",NY.GNP.MKTP.PP.CD,35172862661.8035,36248494909.3414,36093154300.3468,42154715213.6429,48770743846.4353,55711548424.7134,63968631877.5163,72249612441.5316,79048767482.7019,89796448911.6437,102066933556.261,112283157655.966,122160005499.923,148077638928.901,166439908210.722,194015690748.877,213816795462.579,234218235015.117,257906028371.58,277027105008.322
Ethiopia,ETH,Gross capital formation (% of GDP),NE.GDI.TOTL.ZS,0,0,0,0,0,0,0,0,0,0,32.1076664694521,37.0979619673542,34.0811183155872,37.9937253037378,40.6712729848122,37.3487737046879,38.443986368294,34.7288171877819,35.2639839212175,30.7521539710326
Ethiopia,ETH,High-technology exports (% of manufactured exports),TX.VAL.TECH.MF.ZS,..,..,..,..,..,..,..,6.06879226701904,5.43459776976932,4.90981718333464,2.23975330750211,3.44887816659595,1.84884949179386,9.1297988409273,6.19438604557726,6.82501514092337,5.83079825995047,13.6451497439934,9.42339238421805,13.0956089724657
Ethiopia,ETH,"Immunization, measles (% of children ages 12-23 months)",SH.IMM.MEAS,35,36,35,35,40,44,49,54,59,64,68,62,55,54,56,57,59,55,58,..
Ethiopia,ETH,Imports of goods and services (% of GDP),NE.IMP.GNFS.ZS,..,..,..,..,..,..,..,..,..,..,31.5460822119553,31.630605984481,28.9877135217855,29.0994642402923,30.2928105475922,27.0869722982698,23.4742626798764,22.8266990770053,20.8753243982814,16.9285986719216
Ethiopia,ETH,Income share held by lowest 20%,SI.DST.FRST.20,..,..,..,9.4,..,..,..,..,..,8,..,..,..,..,7.3,..,..,..,..,..
Ethiopia,ETH,"Industry (including construction), value added (% of GDP)",NV.IND.TOTL.ZS,11.9279294612334,12.7402796419574,12.8995022232624,12.6855403366012,11.7888335264129,11.5923160493911,11.5894966658928,10.2068542889297,9.68348044252178,9.43512813822331,9.6646421928884,9.47613796506918,10.9445569914695,13.4713245062584,16.2977936386153,21.9325682020946,23.5819061799905,27.3057021409277,24.8223675100372,23.1050196941692
Ethiopia,ETH,"Inflation, GDP deflator (annual %)",NY.GDP.DEFL.KD.ZG,-5.7553353403771,-3.62143421303298,12.7679783276093,3.91136245621962,9.87551191119556,11.5523498044968,17.2205794805554,30.3116730814218,24.1464152909465,1.44457231740674,20.061875081957,33.5414050179965,4.90197929907841,10.9817882908686,10.8365427789744,10.3979255406466,6.67685508319342,12.3822948123876,12.8603968185939,18.2438917174829
Ethiopia,ETH,"Life expectancy at birth, total (years)",SP.DYN.LE00.IN,52.595,53.349,54.211,55.174,56.223,57.334,58.467,59.581,60.645,61.627,62.505,63.281,63.961,64.547,65.048,65.482,65.872,66.24,66.597,..
Ethiopia,ETH,Merchandise trade (% of GDP),TG.VAL.TOTL.GD.ZS,27.5289788724759,26.4176579559594,36.8983523330079,35.060056717325,40.3027481349582,40.9008344401579,35.9556413222935,36.4984367930615,28.6274581680457,36.5206005584203,36.8387546550886,35.2868747068032,31.5751623034412,33.5034228834772,30.3703390140773,25.8665877302233,22.9703046127589,21.3707597809393,18.0320434332274,15.2101739412599
Ethiopia,ETH,Military expenditure (% of GDP),MS.MIL.XPND.GD.ZS,4.34902077753107,3.71938809903571,3.23884273442423,3.07265040654432,2.76155143555362,2.26653738405811,1.86327401952308,1.48980921711378,1.18480259623383,1.13358648537969,1.0907074439921,0.868362090380475,0.806417117446453,0.768411100510026,0.705413868072999,0.695462177224286,0.666369217322697,0.639015280336255,0.587739944074668,0.481146129201597
Ethiopia,ETH,Mobile cellular subscriptions (per 100 people),IT.CEL.SETS.P2,0.040346586,0.071809949,0.071114846,0.209503013,0.53785179,1.104228268,1.497995373,2.357230764,4.753627819,7.820633062,15.6719216,22.13367446,26.88750898,31.08234717,41.96106195,49.44236323,37.2180717,..,..,..
Ethiopia,ETH,"Mortality rate, under-5 (per 1,000 live births)",SH.DYN.MORT,134.6,128.3,121.8,115.3,108.9,102.8,97,91.6,86.7,82,77.7,73.5,69.6,65.9,62.4,59,55.9,53.2,50.8,48.7
Ethiopia,ETH,Net barter terms of trade index (2000 = 100),TT.PRI.MRCH.XD.WD,91.37346395,93.37208946,97.72576899,102.0899358,108.2917454,109.2770166,116.0795014,116.1150672,123.9435908,134.2548351,143.1219909,137.272837,131.0612222,141.2917469,137.9985735,145.9307234,140.7297714,128.6298917,127.8915749,132.5351829
Ethiopia,ETH,Net migration,SM.POP.NETM,..,-150001,..,..,..,..,-50132,..,..,..,..,399997,..,..,..,..,150002,..,..,..
Ethiopia,ETH,Net official development assistance and official aid received (current US$),DT.ODA.ALLD.CD,1103599975.58594,1324739990.23438,1621160034.17969,1830300048.82813,1929119995.11719,2034550048.82813,2606550048.82813,3316250000,3823760009.76563,3455159912.10938,3495889892.57813,3243290039.0625,3885540039.0625,3583959960.9375,3238889892.57813,4084370117.1875,4124750000,4941029785.15625,4809970214.84375,..
Ethiopia,ETH,"Personal remittances, received (current US$)",BX.TRF.PWKR.CD.DT,18313718.1709493,32986894.4223657,46470192.4649014,133742806.235814,173519405.683879,172153313.961754,357838224.989752,386696265.842837,261601951.495537,436143876.305004,538339894.672104,624360669.898232,833031317.03511,1796377786.73295,1086986751.24654,772235946.595019,393379170.003451,436325463.090782,479624165.264604,404088319.891243
Ethiopia,ETH,Population density (people per sq. km of land area),EN.POP.DNST,68.159422,70.14209,72.170581,65.7414797928515,67.6039211946276,69.5016453275475,71.438280839387,73.4244999329019,75.4769442260609,77.6087666681226,79.8257902665678,82.1167304937433,84.4710832872732,86.8686577882268,89.2923683459568,91.7409815444749,94.21926014294,96.7186507391537,99.2461598282101,101.800711323583
Ethiopia,ETH,Population growth (annual %),SP.POP.GROW,2.87942513913923,2.86736393776995,2.85094556723912,2.82639638125662,2.79832391369543,2.7681398970847,2.74594947094516,2.74102992691886,2.75686184814357,2.78375692665143,2.81261373694903,2.82962796762188,2.82701488481635,2.79992468847357,2.75611161556288,2.70807265338359,2.66341448153029,2.61996917105787,2.57969708764895,2.54138646419898
Ethiopia,ETH,"Population, total",SP.POP.TOTL,68159422,70142090,72170581,74239508,76346310,78489205,80674343,82916236,85233923,87639962,90139928,92726982,95385793,98094264,100835453,103603461,106399926,109224410,112078727,114963583
Ethiopia,ETH,Poverty headcount ratio at $1.90 a day (2011 PPP) (% of population),SI.POV.DDAY,..,..,..,38.5,..,..,..,..,..,35.6,..,..,..,..,30.8,..,..,..,..,..
Ethiopia,ETH,Poverty headcount ratio at national poverty lines (% of population),SI.POV.NAHC,..,..,..,38.7,..,..,..,..,..,29.6,..,..,..,..,23.5,..,..,..,..,..
Ethiopia,ETH,"Prevalence of HIV, total (% of population ages 15-49)",SH.DYN.AIDS.ZS,2.4,2.2,2.1,1.9,1.8,1.7,1.6,1.5,1.4,1.4,1.3,1.3,1.2,1.2,1.1,1.1,1,1,0.9,0.9
Ethiopia,ETH,"Prevalence of underweight, weight for age (% of children under 5)",SH.STA.MALN.ZS,..,..,..,..,34.3,..,..,..,..,..,29.2,..,..,26.5,..,23.5,..,..,21.1,..
Ethiopia,ETH,"Primary completion rate, total (% of relevant age group)",SE.PRM.CMPT.ZS,27.7443103790283,31.6078491210938,34.9263305664063,37.6991691589355,43.4614791870117,47.1911392211914,47.2925186157227,49.4527893066406,51.3595085144043,57.7027397155762,52.5476303100586,50.3079681396484,53.3295707702637,53.3883285522461,54.1109008789063,61.5791511535645,63.6895599365234,..,67.7402114868164,68.0842895507813
Ethiopia,ETH,"Revenue, excluding grants (% of GDP)",GC.REV.XGRT.GD.ZS,11.7799227192722,12.7548413577616,13.0642932752775,11.904046384769,10.9364647378013,8.87143240493906,8.26738260053514,10.1431001761295,9.40188635516537,10.7618375171957,10.8764740793191,11.0704406589647,10.4402875798581,9.73745298640636,9.94334434408776,9.35821999243861,9.44482816270803,8.97336366776418,7.78822480003352,..
Ethiopia,ETH,"School enrollment, primary (% gross)",SE.PRM.ENRR,60.5821800231934,63.7933387756348,65.0845184326172,67.9149932861328,79.0526123046875,83.2288970947266,89.0744400024414,94.7504119873047,93.4268188476563,91.6565322875977,94.2797164916992,94.2650604248047,..,99.2527618408203,100.971488952637,..,..,..,..,119.402976989746
Ethiopia,ETH,"School enrollment, primary and secondary (gross), gender parity index (GPI)",SE.ENR.PRSC.FM.ZS,0.687569975852966,0.697749972343445,0.69989001750946,0.735090017318726,0.782710015773773,0.814249992370605,0.836409986019135,0.862770020961761,0.892180025577545,0.901250004768372,0.912249982357025,0.922720015048981,..,..,0.921459972858429,..,..,..,..,..
Ethiopia,ETH,"School enrollment, secondary (% gross)",SE.SEC.ENRR,16.4432601928711,18.7428207397461,19.7078399658203,22.1996402740479,25.1031894683838,29.2288398742676,32.2991218566895,33.4073905944824,33.5959281921387,34.8354911804199,36.004150390625,37.5771408081055,..,..,34.9394683837891,..,..,..,..,..
Ethiopia,ETH,Statistical Capacity Score (Overall Average) (scale 0 - 100),IQ.SCI.OVRL,..,..,..,66.6666666666667,67.7777777777778,64.4444444444444,67.7777777777778,78.8888888888889,80,80,73.3333333333333,65.5555555555556,66.6666666666667,61.1111111111111,68.8889,70.0000333333333,70.0000333333333,62.2222333333333,61.1111,47.7777666666667
Ethiopia,ETH,Surface area (sq. km),AG.SRF.TOTL.K2,1104300,1104300,1104300,1136268.641,1136271.43,1136271.646,1136266.279,1136264.348,1136263.489,1136264.131,1136264.777,1136265.636,1136262.415,1136262.415,1136260.912,1136257.692,1136255.762,1136259.41,..,..
Ethiopia,ETH,Tax revenue (% of GDP),GC.TAX.TOTL.GD.ZS,8.08387167264084,9.70983167885198,9.11689550681182,9.68076220287628,8.72441638457737,8.26284585481565,7.81252966616113,7.81414425408042,6.58118138102551,8.1634410798229,9.20935861701915,9.37759471505438,8.76472537700643,8.81195539315636,8.35133826701354,8.08706553329928,7.6039292287321,7.519920423209,6.66174132174475,..
Ethiopia,ETH,Terrestrial and marine protected areas (% of total territorial area),ER.PTD.TOTL.ZS,..,..,..,..,..,..,..,..,..,..,..,..,..,..,..,18.4749520269516,18.4749603066502,18.4749603066502,..,..
Ethiopia,ETH,Time required to start a business (days),IC.REG.DURS,..,..,47,35,35,19,19,19,20,20,40,40,39,39,35,35,33,32,32,..
Ethiopia,ETH,"Total debt service (% of exports of goods, services and primary income)",DT.TDS.DECT.EX.ZS,18.4504182986841,7.95562316185366,7.26231196064674,5.62657585794404,4.4763824045079,5.92848200535041,4.65529964761878,2.92892372797499,2.78794102875785,3.85484030213973,5.88919875915745,7.13419631630479,10.7035920120342,11.870058525757,18.2926128660911,20.9349904391639,22.2355330062846,21.4917884174323,28.288391615168,25.8483587769354
Ethiopia,ETH,Urban population growth (annual %),SP.URB.GROW,4.14010102389459,4.13880492509906,4.11295985708229,4.08557770362831,4.05459517035634,4.02768970558805,4.10158150013253,5.15640308173017,5.15074652649559,5.17365961820614,5.18620476481091,5.19775831468281,5.08653593852461,5.05163548153949,4.99427546704227,4.93751413538565,4.87377727066852,4.82588603368192,4.78041656605125,4.73159302240401
South Sudan,SSD,"Adolescent fertility rate (births per 1,000 women ages 15-19)",SP.ADO.TFRT,121.8664,119.88,115.5712,111.2624,106.9536,102.6448,98.336,94.2836,90.2312,86.1788,82.1264,78.074,74.8672,71.6604,68.4536,65.2468,62.04,59.4332,56.8264,..
South Sudan,SSD,"Agriculture, forestry, and fishing, value added (% of GDP)",NV.AGR.TOTL.ZS,..,..,..,..,..,..,..,4.19544282441311,5.22004160956288,5.29379348275505,4.67693681681883,6.17613217428162,9.635809346303,7.59650844428456,10.3550274477245,9.65267678528475,8.70485072828783,9.05839593135754,10.2201185288727,9.57540463809131
South Sudan,SSD,"Annual freshwater withdrawals, total (% of internal resources)",ER.H2O.FWTL.ZS,..,..,..,..,..,..,..,..,..,..,..,2.53076923076923,..,..,..,..,2.53076923076923,..,..,..
South Sudan,SSD,Births attended by skilled health staff (% of total),SH.STA.BRTC.ZS,..,..,..,..,..,9.7,..,..,..,19.4,..,..,..,..,..,..,..,..,..,..
South Sudan,SSD,CO2 emissions (metric tons per capita),EN.ATM.CO2E.PC,0,0,0,0,0,0,0,0,0,0,0,0.140404332838161,0.140028565827429,0.144956618179152,0.183843137196347,0.159704297799589,0.13931183983831,0.125729733551362,..,..
South Sudan,SSD,"Contraceptive prevalence, any method (% of married women ages 15-49)",SP.DYN.CONU.ZS,..,..,..,..,..,3.5,..,..,..,4,..,..,..,..,..,..,..,..,..,..
South Sudan,SSD,Domestic credit provided by financial sector (% of GDP),FS.AST.DOMS.GD.ZS,..,..,..,..,..,..,..,..,..,..,..,..,..,..,..,..,..,..,..,..
South Sudan,SSD,Electric power consumption (kWh per capita),EG.USE.ELEC.KH.PC,..,..,..,..,..,..,..,..,..,..,..,41.4291658163306,42.9742839953144,43.5817283414443,..,..,..,..,..,..
South Sudan,SSD,Energy use (kg of oil equivalent per capita),EG.USE.PCAP.KG.OE,..,..,..,..,..,..,..,..,..,..,..,63.6697065193489,65.3933402414092,66.3420017391005,..,..,..,..,..,..
South Sudan,SSD,Exports of goods and services (% of GDP),NE.EXP.GNFS.ZS,..,..,..,..,..,..,..,66.0270601078604,60.3143141293906,61.4344828173072,66.0761203752424,42.8320523585268,9.74075785850552,38.3916172930278,36.6513492804707,..,..,..,..,..
South Sudan,SSD,"External debt stocks, total (DOD, current US$)",DT.DOD.DECT.CD,..,..,..,..,..,..,..,..,..,..,..,..,..,..,..,..,..,..,..,..
South Sudan,SSD,"Fertility rate, total (births per woman)",SP.DYN.TFRT.IN,6.139,6.054,5.969,5.885,5.803,5.721,5.638,5.552,5.465,5.376,5.286,5.197,5.108,5.022,4.937,4.855,4.775,4.696,4.619,..
South Sudan,SSD,"Foreign direct investment, net inflows (BoP, current US$)",BX.KLT.DINV.CD.WD,..,..,..,..,..,..,..,..,..,..,..,161000000,-793000000,1035825.73,150000,-7850000,1420000,60140000,-2210000,17500000
South Sudan,SSD,Forest area (sq. km),AG.LND.FRST.K2,..,..,..,..,..,..,..,..,..,71570,71570,71570,71570,71570,71570,71570,71570,71570,71570,71570
South Sudan,SSD,GDP (current US$),NY.GDP.MKTP.CD,..,..,..,..,..,..,..,14586253383.0632,12231264525.0671,14602072410.9506,14907308932.7534,11931472169.4915,18426469016.9492,13962212847.4576,11997800760.2242,..,..,..,..,..
South Sudan,SSD,GDP growth (annual %),NY.GDP.MKTP.KD.ZG,..,..,..,..,..,..,..,..,5.04164187983342,5.49341639529945,-4.64031673600859,-46.0821223743007,13.1297311406943,3.37364847715736,-10.7933646271143,..,..,..,..,..
South Sudan,SSD,"GNI per capita, Atlas method (current US$)",NY.GNP.PCAP.CD,..,..,..,..,..,..,..,..,..,..,810,850,1160,1250,1090,..,..,..,..,..
South Sudan,SSD,"GNI per capita, PPP (current international $)",NY.GNP.PCAP.PP.CD,..,..,..,..,..,..,..,..,..,..,1630,1460,1980,1280,1080,..,..,..,..,..
South Sudan,SSD,"GNI, Atlas method (current US$)",NY.GNP.ATLS.CD,..,..,..,..,..,..,..,..,..,..,7921679352.52903,8584908541.7114,12051428873.9028,13158858189.8063,11669229567.3347,..,..,..,..,..
South Sudan,SSD,"GNI, PPP (current international $)",NY.GNP.MKTP.PP.CD,..,..,..,..,..,..,..,..,..,..,16038626934.766,14790639635.8154,20542512085.5034,13514791883.5209,11604302036.8601,..,..,..,..,..
South Sudan,SSD,Gross capital formation (% of GDP),NE.GDI.TOTL.ZS,..,..,..,..,..,..,..,13.7699875260258,13.6521309804579,10.2896550768433,9.48877706805626,7.0742528372385,11.3677738263753,7.9945088302124,5.75075637151052,..,..,..,..,..
South Sudan,SSD,High-technology exports (% of manufactured exports),TX.VAL.TECH.MF.ZS,..,..,..,..,..,..,..,..,..,..,..,..,..,..,..,..,..,..,..,..
South Sudan,SSD,"Immunization, measles (% of children ages 12-23 months)",SH.IMM.MEAS,..,..,..,..,..,..,..,..,..,..,62,60,58,55,53,51,50,49,49,..
South Sudan,SSD,Imports of goods and services (% of GDP),NE.IMP.GNFS.ZS,..,..,..,..,..,..,..,31.2392372104884,34.5214499586058,29.5089655488059,27.1507393796766,28.7877590362221,41.0704887322407,26.2429005140531,28.8999999040295,..,..,..,..,..
South Sudan,SSD,Income share held by lowest 20%,SI.DST.FRST.20,..,..,..,..,..,..,..,..,3.9,..,..,..,..,..,..,..,..,..,..,..
South Sudan,SSD,"Industry (including construction), value added (% of GDP)",NV.IND.TOTL.ZS,..,..,..,..,..,..,..,59.1868406244764,59.2778277419938,61.1436996609911,61.2256432446357,51.1502922242999,22.2248278451082,46.6994007328919,33.0945353993221,32.8475737094621,34.0255833918061,41.7693830671731,44.0881348636803,36.8891774267287
South Sudan,SSD,"Inflation, GDP deflator (annual %)",NY.GDP.DEFL.KD.ZG,..,..,..,..,..,..,..,..,-11.8293295391053,12.9264024311492,38.8333429721931,46.5069047554802,36.5121584994857,-26.7002845822567,17.6893321393151,..,..,..,..,..
South Sudan,SSD,"Life expectancy at birth, total (years)",SP.DYN.LE00.IN,49.592,50.05,50.55,51.095,51.686,52.315,52.96,53.6,54.219,54.8,55.325,55.791,56.2,56.552,56.855,57.12,57.365,57.604,57.846,..
South Sudan,SSD,Merchandise trade (% of GDP),TG.VAL.TOTL.GD.ZS,..,..,..,..,..,..,..,..,..,..,..,..,..,..,..,..,..,..,..,..
South Sudan,SSD,Military expenditure (% of GDP),MS.MIL.XPND.GD.ZS,..,..,..,..,..,..,..,5.76128903307145,4.96846263299849,4.14063254299941,6.09441532228387,8.7711241134394,6.57275748381733,8.61955985918476,10.5614614536697,4.60153148570379,2.35453775832203,3.64989257499063,3.55818489023246,..
South Sudan,SSD,Mobile cellular subscriptions (per 100 people),IT.CEL.SETS.P2,..,..,..,..,..,..,..,..,..,15.77558453,18.30998996,22.74154462,27.55401599,27.24897867,27.05386827,24.92495281,25.56130126,17.45870759,20.08628008,..
South Sudan,SSD,"Mortality rate, under-5 (per 1,000 live births)",SH.DYN.MORT,172.1,163.4,155.1,147.3,139.7,132.7,126.1,119.9,114,108.4,103.5,100,98.3,97.9,97.9,97.9,97.9,97.9,97.9,97.9
South Sudan,SSD,Net barter terms of trade index (2000 = 100),TT.PRI.MRCH.XD.WD,..,..,..,..,..,..,..,..,..,..,..,..,..,..,..,..,..,..,..,..
South Sudan,SSD,Net migration,SM.POP.NETM,..,432000,..,..,..,..,846611,..,..,..,..,-100000,..,..,..,..,-870998,..,..,..
South Sudan,SSD,Net official development assistance and official aid received (current US$),DT.ODA.ALLD.CD,..,..,..,..,..,..,..,..,..,..,435829986.572266,1186260009.76563,1399300048.82813,1964119995.11719,1674829956.05469,1587030029.29688,2183239990.23438,1577500000,1885270019.53125,..
South Sudan,SSD,"Personal remittances, received (current US$)",BX.TRF.PWKR.CD.DT,..,..,..,..,0,0,0,0,0,0,0,0,0,1985610.2,1138720000,1083000000,633830000,1267160000,80440000,86510000
South Sudan,SSD,Population density (people per sq. km of land area),EN.POP.DNST,..,..,..,..,..,..,..,..,..,..,15.5554285469974,16.0032734526562,16.3852474937784,16.7018932865514,16.9563013045608,17.141552273634,17.2654105724038,17.3689437145053,17.505335808579,17.7136110778852
South Sudan,SSD,Population growth (annual %),SP.POP.GROW,3.92857235770112,3.66109260333622,3.63284220195551,3.92570907901996,4.37483508104279,4.81175339609109,5.02785154526534,4.94806676990423,4.53483026132962,3.9265272772907,3.33369599126706,2.83761652164451,2.35865931853706,1.91161097075419,1.51174412560417,1.08467779680228,0.719802049046745,0.595340534474696,0.782197030861146,1.18275937083062
South Sudan,SSD,"Population, total",SP.POP.TOTL,6447791,6688225,6935665,7213354,7535931,7907407,8315144,8736932,9142258,9508372,9830695,10113648,10355030,10554882,10715657,10832520,10910774,10975924,11062114,11193729
South Sudan,SSD,Poverty headcount ratio at $1.90 a day (2011 PPP) (% of population),SI.POV.DDAY,..,..,..,..,..,..,..,..,44.7,..,..,..,..,..,..,76.4,..,..,..,..
South Sudan,SSD,Poverty headcount ratio at national poverty lines (% of population),SI.POV.NAHC,..,..,..,..,..,..,..,..,..,..,..,..,..,..,..,76.4,..,..,..,..
South Sudan,SSD,"Prevalence of HIV, total (% of population ages 15-49)",SH.DYN.AIDS.ZS,2.2,2.2,2.2,2.2,2.2,2.2,2.2,2.2,2.2,2.2,2.1,2.1,2.1,2.2,2.2,2.2,2.2,2.3,2.3,2.3
South Sudan,SSD,"Prevalence of underweight, weight for age (% of children under 5)",SH.STA.MALN.ZS,..,..,..,..,..,32.5,..,..,..,27.7,..,..,..,..,..,..,..,..,..,..
South Sudan,SSD,"Primary completion rate, total (% of relevant age group)",SE.PRM.CMPT.ZS,..,..,..,..,..,..,..,..,..,..,27.4370899200439,..,..,..,..,..,..,..,..,..
South Sudan,SSD,"Revenue, excluding grants (% of GDP)",GC.REV.XGRT.GD.ZS,..,..,..,..,..,..,..,..,..,..,..,..,..,..,..,..,..,..,..,..
South Sudan,SSD,"School enrollment, primary (% gross)",SE.PRM.ENRR,..,..,..,..,..,..,..,..,..,..,90.0506820678711,..,..,..,72.9899063110352,..,..,..,..,..
South Sudan,SSD,"School enrollment, primary and secondary (gross), gender parity index (GPI)",SE.ENR.PRSC.FM.ZS,..,..,..,..,..,..,..,..,..,..,0.647140026092529,..,..,..,0.685389995574951,..,..,..,..,..
South Sudan,SSD,"School enrollment, secondary (% gross)",SE.SEC.ENRR,..,..,..,..,..,..,..,..,..,..,9.68861961364746,..,..,..,11.0099897384644,..,..,..,..,..
South Sudan,SSD,Statistical Capacity Score (Overall Average) (scale 0 - 100),IQ.SCI.OVRL,..,..,..,..,..,..,..,..,..,..,..,..,26.1111111111111,29.4444444444444,34.4444666666667,37.7778,43.3333333333333,42.2222333333333,45.5555666666667,43.3333
South Sudan,SSD,Surface area (sq. km),AG.SRF.TOTL.K2,..,..,..,..,..,..,..,..,..,..,633906.795,633906.895,633906.643,633907.381,633907.382,633906.659,633906.955,633906.576,..,..
South Sudan,SSD,Tax revenue (% of GDP),GC.TAX.TOTL.GD.ZS,..,..,..,..,..,..,..,..,..,..,..,..,..,..,..,..,..,..,..,..
South Sudan,SSD,Terrestrial and marine protected areas (% of total territorial area),ER.PTD.TOTL.ZS,..,..,..,..,..,..,..,..,..,..,..,..,..,..,..,15.5015818826495,15.5015012515745,15.5015012515745,..,..
South Sudan,SSD,Time required to start a business (days),IC.REG.DURS,..,..,..,..,..,..,..,..,..,..,..,14,14,14,14,14,13,13,13,..
South Sudan,SSD,"Total debt service (% of exports of goods, services and primary income)",DT.TDS.DECT.EX.ZS,..,..,..,..,..,..,..,..,..,..,..,..,..,..,..,..,..,..,..,..
South Sudan,SSD,Urban population growth (annual %),SP.URB.GROW,4.70121808749241,4.4336410899241,4.40547989705344,4.70414706819762,5.14148738308885,5.58402909978981,5.79429821949602,5.72002954278192,5.36308424251504,4.82076269442442,4.29215263929153,3.8583249156163,3.43971763255795,3.05087322114802,2.71783291359216,2.34971347354328,2.04140047985474,1.97622365890987,2.21970691983072,2.67911003501181
Sudan,SDN,"Adolescent fertility rate (births per 1,000 women ages 15-19)",SP.ADO.TFRT,118.1832,120.013,118.0844,116.1558,114.2272,112.2986,110.37,104.2976,98.2252,92.1528,86.0804,80.008,76.805,73.602,70.399,67.196,63.993,60.796,57.599,..
Sudan,SDN,"Agriculture, forestry, and fishing, value added (% of GDP)",NV.AGR.TOTL.ZS,35.7807746157648,37.662742261404,38.416611009222,34.0060768565709,33.199920468691,31.8201079594306,35.6675143701418,36.1831633212385,33.5066805707755,31.8522211122842,27.8476934681736,33.774624171049,29.6076364571032,32.6242708162674,31.5564513257888,22.9775814159681,21.2305403131037,21.9934731580502,20.1640153484443,20.3562752284898
Sudan,SDN,"Annual freshwater withdrawals, total (% of internal resources)",ER.H2O.FWTL.ZS,..,..,..,..,..,..,..,..,..,..,..,673.375,..,..,..,..,673.375,..,..,..
Sudan,SDN,Births attended by skilled health staff (% of total),SH.STA.BRTC.ZS,..,..,..,..,..,49.2,..,..,..,72.5,..,..,..,77.7,..,..,..,..,..,..
Sudan,SDN,CO2 emissions (metric tons per capita),EN.ATM.CO2E.PC,0.217724902047926,0.262673966633996,0.263063950982259,0.281655747900432,0.325045491829048,0.392902190347593,0.41470158528179,0.438887767051561,0.443408062786582,0.459400595408646,0.434233117157849,0.420237940877191,0.391124917071402,0.403658393144158,0.457548872645847,0.51396033465945,0.498365757244717,0.483235877575013,..,..
Sudan,SDN,"Contraceptive prevalence, any method (% of married women ages 15-49)",SP.DYN.CONU.ZS,..,..,..,..,..,9.5,..,..,..,9.1,..,..,..,12.8,..,..,..,..,..,..
Sudan,SDN,Domestic credit provided by financial sector (% of GDP),FS.AST.DOMS.GD.ZS,..,..,..,..,..,..,..,..,..,..,..,..,..,..,..,..,..,..,..,..
Sudan,SDN,Electric power consumption (kWh per capita),EG.USE.ELEC.KH.PC,66.7832704475412,78.1402794641981,82.5511650050133,83.2059400965553,98.2891039904536,109.78521010034,118.78635572453,130.03297798447,150.012821241815,175.162760101935,190.044174662308,211.141245508448,213.850920175316,256.756229063841,..,..,..,..,..,..
Sudan,SDN,Energy use (kg of oil equivalent per capita),EG.USE.PCAP.KG.OE,498.299582815492,527.130980875454,499.281767526347,486.649070739579,483.973835582685,508.157710686535,480.800506319116,478.18839712622,484.065000543604,483.692118347383,471.216313269745,395.658939307833,394.606225548792,394.639669319253,..,..,..,..,..,..
Sudan,SDN,Exports of goods and services (% of GDP),NE.EXP.GNFS.ZS,10.9084623709478,11.9229555773501,12.7775472772493,14.4539339537467,14.6140648256708,15.2928227788803,17.1221034317023,20.5311154515281,21.7659959171124,20.3544261630874,15.7412132172487,12.0700876715299,11.6860199959926,0.670014767426461,0.730366816851724,0.712992210061671,0.664361795694522,0.611168056311933,0.630574147276582,0.435765181853457
Sudan,SDN,"External debt stocks, total (DOD, current US$)",DT.DOD.DECT.CD,15010981050.4,16131307065,17322489066,18376488692,17579077748.4,18486143553.4,19796609171.3,20335215853,21112640260,22322844218.7,21180844800.1,21822049522,22500007302.4,21773895615.6,21401429540.5,21091694446.6,21700605589.6,21529048699.8,22264288832.6,22953534423.5
Sudan,SDN,"Fertility rate, total (births per woman)",SP.DYN.TFRT.IN,5.402,5.334,5.268,5.204,5.143,5.085,5.03,4.977,4.926,4.876,4.824,4.771,4.715,4.656,4.594,4.532,4.469,4.407,4.347,..
Sudan,SDN,"Foreign direct investment, net inflows (BoP, current US$)",BX.KLT.DINV.CD.WD,574000000,713180000,1349190000,1511070000,1561689996.89435,1841833814.08367,1504379838.38584,1653120315.475,1726298402.95145,2063730997.66213,1734376994.48388,2311460739.75953,1687884178.79722,1251280889.37784,1728373403.43067,1063767535.33587,1065298481.41867,1135787164.04941,825354992.310273,716939710.59488
Sudan,SDN,Forest area (sq. km),AG.LND.FRST.K2,..,..,..,..,..,..,..,..,..,200811.7,199069.22,197326.74,195584.26,193841.78,192099.3,190481.9,188760.3,187038.7,185317.1,183595.5
Sudan,SDN,GDP (current US$),NY.GDP.MKTP.CD,15716489369.9266,18136839087.0077,21355576672.542,26645490675.0417,35182105414.3919,45264519502.6479,59440139774.8128,64831935604.2484,51621044076.9231,58962978034.4828,55018567210.5263,37632919966.6667,43024018082.1918,49516748617.9775,51726758676.7677,42630376000,41283617976.1905,30964349684.7059,26155799324.8663,21329109521.8077
Sudan,SDN,GDP growth (annual %),NY.GDP.MKTP.KD.ZG,6.50036042069766,6.0064715363132,6.28880816146516,5.14088851762675,5.64351551343631,6.5314117467792,5.73527423664484,3.84674473121058,-2.76770436599138,3.85824195230107,-3.21353209253371,-17.0046884048945,1.95514463302422,4.66137954229873,1.91017689052751,3.46764218409288,0.70925628476644,-2.6809305497999,-2.17825104530091,-3.62980562615675
Sudan,SDN,"GNI per capita, Atlas method (current US$)",NY.GNP.PCAP.CD,370,430,520,620,760,930,1170,1370,1340,1260,1280,1140,1080,1150,1220,1180,1050,840,690,530
Sudan,SDN,"GNI per capita, PPP (current international $)",NY.GNP.PCAP.PP.CD,2700,2810,2960,3110,3310,3510,3730,3810,3700,3620,3930,3600,3590,4340,4330,4660,4410,4210,4080,3860
Sudan,SDN,"GNI, Atlas method (current US$)",NY.GNP.ATLS.CD,12896550079.3156,15126576012.7867,18896005837.7899,23278563378.6258,29248418117.1102,36744554058.8191,47537135305.6247,57456274010.8238,57608797747.3027,55407998842.5098,51489031700.8602,41279323892.5977,40029645367.0423,43851218696.811,47421486582.6357,47072397102.7486,42957144540.3897,35221858673.6496,29534214202.3377,23381005493.6176
Sudan,SDN,"GNI, PPP (current international $)",NY.GNP.MKTP.PP.CD,92898613574.8357,99423245037.9555,107908445632.899,116382066848.749,127243901955.268,138750420520.813,151687859657.572,159156680250.391,158674953065.887,159677404442.638,158104726209.039,130339540706.188,133036641534.065,164924996239.691,168635354598.952,185703607000.565,180187070156.707,176100493883.472,174704511943.419,169108261401.17
Sudan,SDN,Gross capital formation (% of GDP),NE.GDI.TOTL.ZS,24.3893738189141,25.6192888068293,26.2233061369025,28.0490545992343,28.4635889148402,29.0385355348915,27.0301855468401,26.2217736223741,27.644578622082,25.2580551037448,21.6883720968008,24.5993808298686,26.6578176219201,34.8455159081054,37.0588484401203,35.533798873054,39.5490817756084,36.7100639298114,35.8042385442194,31.927451385654
Sudan,SDN,High-technology exports (% of manufactured exports),TX.VAL.TECH.MF.ZS,..,..,..,..,..,..,3.1743733096812E-06,0.100655281961461,0.00343760614308227,0.202906281740896,1.38389284928441,..,..,..,..,..,..,..,..,..
Sudan,SDN,"Immunization, measles (% of children ages 12-23 months)",SH.IMM.MEAS,58,58,65,67,69,73,79,79,82,90,87,85,85,86,87,86,90,88,90,..
Sudan,SDN,Imports of goods and services (% of GDP),NE.IMP.GNFS.ZS,10.7328277603943,14.2159787676178,14.1876939487906,16.1319456818282,21.4127695588256,21.1076683171102,17.5028020373943,17.6080889858555,22.57837308697,23.3045714495484,13.8469570450091,16.0535725246704,14.4561594859669,0.707782195153736,0.770629099411345,0.742996418015799,0.79802274620109,0.683885496149084,0.588271159879598,0.348865639412471
Sudan,SDN,Income share held by lowest 20%,SI.DST.FRST.20,..,..,..,..,..,..,..,..,6.8,..,..,..,..,7.8,..,..,..,..,..,..
Sudan,SDN,"Industry (including construction), value added (% of GDP)",NV.IND.TOTL.ZS,19.5381154442319,20.7757913955766,19.8413102544769,21.4151752034683,21.9763462611458,22.9778613068907,26.3285235935348,28.2073396404398,25.6508731569437,21.1420469221691,20.3300649001863,17.6175266828595,20.2367455588648,18.1004960644315,16.0712107361815,17.3546057080676,16.6174079698297,20.7757619010592,21.7363013265282,23.3688393894274
Sudan,SDN,"Inflation, GDP deflator (annual %)",NY.GDP.DEFL.KD.ZG,21.1339911745458,10.8012352318635,9.79992410396942,17.2739979186081,18.054402868472,7.65225430526529,15.3066214793858,8.89101661311409,1.86213189302369,22.6694192116219,26.3283499650477,30.1285931395558,36.4286291176933,34.0669855189111,14.0225574392301,20.6855877306245,34.6223707315316,55.9753254437569,51.9788933465452,115.277768539421
Sudan,SDN,"Life expectancy at birth, total (years)",SP.DYN.LE00.IN,58.859,59.258,59.67,60.092,60.525,60.969,61.422,61.879,62.33,62.764,63.171,63.542,63.875,64.169,64.429,64.663,64.881,65.095,65.311,..
Sudan,SDN,Merchandise trade (% of GDP),TG.VAL.TOTL.GD.ZS,23.2685551710909,24.2324474453123,25.3985180693993,29.4721538280988,32.9173023148938,30.3350176934867,29.7004685165305,32.4269201652871,34.7687659576486,36.3770635659823,35.3135332035379,35.3307689431937,34.1855564766226,27.3866931462389,24.5095581558141,26.7532240391218,32.0562989601165,36.584007464543,49.8015749326238,63.9548499952749
Sudan,SDN,Military expenditure (% of GDP),MS.MIL.XPND.GD.ZS,2.94404491102975,3.27380035115994,2.25618439439824,5.78262016066383,4.39231199033622,4.60027134346932,5.28804641975603,4.9789323229941,5.45393031439214,..,..,..,..,..,2.65592181626577,2.65023238020531,3.50716608687275,1.78345741926471,1.64462108853173,1.13172569881236
Sudan,SDN,Mobile cellular subscriptions (per 100 people),IT.CEL.SETS.P2,0.30171236,0.53902743,1.448593733,2.801567744,4.749691364,11.83527483,20.20390523,28.68925131,35.73563389,52.37581181,70.88093666,76.41808263,74.60472776,73.19201515,71.81590856,69.78439192,70.18317784,72.00791416,77.11203717,80.26408427
Sudan,SDN,"Mortality rate, under-5 (per 1,000 live births)",SH.DYN.MORT,100.9,97.4,94.2,91,88.1,85.3,82.7,80.2,77.9,75.7,73.7,71.7,69.8,67.9,65.9,63.9,62,60.1,58.4,56.6
Sudan,SDN,Net barter terms of trade index (2000 = 100),TT.PRI.MRCH.XD.WD,91.79044688,90.05345425,100.5147098,117.0649438,153.1520323,173.32622,180.7635832,225.9005752,165.9004761,198.356572,244.3460943,236.6524508,224.1805823,230.4954219,178.5638118,171.8747057,192.2921781,188.8592102,200.956828,207.5918715
Sudan,SDN,Net migration,SM.POP.NETM,..,-546005,..,..,..,..,-982687,..,..,..,..,-538145,..,..,..,..,-250001,..,..,..
Sudan,SDN,Net official development assistance and official aid received (current US$),DT.ODA.ALLD.CD,192259994.506836,304929992.675781,620229980.46875,994580017.089844,1826109985.35156,2048439941.40625,2120590087.89063,2566429931.64063,2352469970.70313,2025849975.58594,1742400024.41406,1369130004.88281,1507329956.05469,874679992.675781,969700012.207031,809090026.855469,862409973.144531,967489990.234375,1624670043.94531,..
Sudan,SDN,"Personal remittances, received (current US$)",BX.TRF.PWKR.CD.DT,739600000,977690000,1223600000,1402950000,703788385.657612,800828762.026369,999710750.072104,1590626089.41345,1394395643.14033,1455537377.36537,824220909.259269,595843243.828036,619508803.404154,506556821.863654,151392010.452944,153411466.260786,212936009.907809,425214350.607035,522317287.755546,495355092.526947
Sudan,SDN,Population density (people per sq. km of land area),EN.POP.DNST,11.2725089679502,11.5681980214094,11.8727620707257,12.1764963309007,12.472836641889,12.7599017721649,13.0415202777469,13.3237150817611,13.6150621496894,13.9218443434611,19.1143919739915,19.5707659609081,20.0459565599605,20.5356849665234,21.035997853617,21.5480027843068,22.0703754556916,22.6047857882582,23.1518799666704,23.712129323794
Sudan,SDN,Population growth (annual %),SP.POP.GROW,2.51997836866929,2.58928564304227,2.59870916551553,2.52606883804909,2.40456477806808,2.27543686612699,2.18305556388922,2.14074008464901,2.16311546445095,2.22824511570542,2.30259996034346,2.35980816804628,2.39896299523952,2.41210746724027,2.40720186967684,2.398795478465,2.39524232580927,2.39225797194196,2.39143408960219,2.39107177389208
Sudan,SDN,"Population, total",SP.POP.TOTL,27971077,28704786,29460517,30214189,30949514,31661824,32360619,33060844,33783779,34545014,35349676,36193781,37072555,37977657,38902948,39847433,40813398,41801532,42813237,43849269
Sudan,SDN,Poverty headcount ratio at $1.90 a day (2011 PPP) (% of population),SI.POV.DDAY,..,..,..,..,..,..,..,..,15.7,..,..,..,..,12.2,..,..,..,..,..,..
Sudan,SDN,Poverty headcount ratio at national poverty lines (% of population),SI.POV.NAHC,..,..,..,..,..,..,..,..,46.5,..,..,..,..,..,..,..,..,..,..,..
Sudan,SDN,"Prevalence of HIV, total (% of population ages 15-49)",SH.DYN.AIDS.ZS,0.2,0.2,0.2,0.2,0.2,0.2,0.2,0.2,0.2,0.2,0.2,0.2,0.2,0.2,0.2,0.2,0.2,0.2,0.2,0.2
Sudan,SDN,"Prevalence of underweight, weight for age (% of children under 5)",SH.STA.MALN.ZS,..,..,..,..,..,27,..,..,..,29.8,..,..,..,33,..,..,..,..,..,..
Sudan,SDN,"Primary completion rate, total (% of relevant age group)",SE.PRM.CMPT.ZS,..,..,..,..,..,..,..,..,..,61.1194801330566,..,57.5498313903809,58.0936698913574,58.2490386962891,59.243049621582,59.8370780944824,61.6876411437988,64.0855026245117,..,..
Sudan,SDN,"Revenue, excluding grants (% of GDP)",GC.REV.XGRT.GD.ZS,..,..,..,..,..,..,..,..,14.3414230379774,11.4350538263501,11.3060875333572,9.41241516683834,10.2774069502536,11.0418206251384,10.314396584643,8.77413482505213,..,..,..,..
Sudan,SDN,"School enrollment, primary (% gross)",SE.PRM.ENRR,59.7364616394043,59.8157691955566,61.095401763916,62.2217216491699,63.3387184143066,67.7927474975586,67.2932510375977,72.8198013305664,72.3495178222656,71.7259826660156,69.47705078125,70.8831634521484,72.0149383544922,72.2675628662109,73.1459732055664,75.9073715209961,76.8160629272461,78.9529037475586,..,..
Sudan,SDN,"School enrollment, primary and secondary (gross), gender parity index (GPI)",SE.ENR.PRSC.FM.ZS,0.836049973964691,0.875729978084564,0.874180018901825,0.875590026378632,0.891969978809357,0.888979971408844,0.859740018844604,0.876590013504028,0.883520007133484,0.887639999389648,0.893079996109009,0.895709991455078,0.910600006580353,0.918290019035339,0.934849977493286,0.946269989013672,0.962260007858276,0.957329988479614,..,..
Sudan,SDN,"School enrollment, secondary (% gross)",SE.SEC.ENRR,34.5813217163086,34.567211151123,35.8759613037109,39.0741310119629,38.7527389526367,36.8582992553711,36.1699905395508,38.2803382873535,42.3209915161133,42.5222396850586,37.5591316223145,41.232738494873,43.6093711853027,44.8509101867676,45.6237106323242,44.1319389343262,46.6217384338379,45.8641891479492,..,..
Sudan,SDN,Statistical Capacity Score (Overall Average) (scale 0 - 100),IQ.SCI.OVRL,..,..,..,35.5555555555556,31.1111111111111,33.3333333333333,36.6666666666667,35.5555555555556,42.2222222222222,44.4444444444444,44.4444444444444,43.3333333333333,40,43.3333333333333,51.1111,63.3333666666667,66.6666666666667,71.1111,71.1111,54.4445
Sudan,SDN,Surface area (sq. km),AG.SRF.TOTL.K2,..,..,..,..,..,..,..,..,..,..,1854106.888,1854106.027,1854105.341,1854104.772,1854105.787,1854104.915,1854106.923,1854105.405,..,..
Sudan,SDN,Tax revenue (% of GDP),GC.TAX.TOTL.GD.ZS,..,..,..,..,..,..,..,..,6.46948438245235,5.86247467546648,3.85621016052459,6.89440699516488,7.68401639387585,7.98231786209787,8.19443800491008,7.39027026174951,..,..,..,..
Sudan,SDN,Terrestrial and marine protected areas (% of total territorial area),ER.PTD.TOTL.ZS,..,..,..,..,..,..,..,..,..,..,..,..,..,..,..,2.75330083929237,2.75327389762586,2.75327389762586,..,..
Sudan,SDN,Time required to start a business (days),IC.REG.DURS,..,..,..,38.5,38.5,38.5,38.5,38.5,36.5,36.5,36.5,36.5,36.5,36.5,36.5,36.5,36.5,34.5,34.5,..
Sudan,SDN,"Total debt service (% of exports of goods, services and primary income)",DT.TDS.DECT.EX.ZS,13.7374000519901,6.91267217565589,10.7276050157224,8.52857957025894,7.98675811327242,5.02156714470558,4.01849595281776,3.01021835992934,5.72689235721773,4.21004682024409,4.87186411161,7.12909323859279,4.90855748456764,4.3104180733734,10.6504926163315,6.33691525263901,4.01719960592335,4.19894498062309,3.75873467947796,2.88593055679235
Sudan,SDN,Urban population growth (annual %),SP.URB.GROW,2.6829507426571,2.75198816046854,2.76114959519603,2.6882494560475,2.5664784940228,2.43708371863511,2.34444920092884,2.30186928581966,2.38765770049402,2.51879804837629,2.65857757537626,2.77751844352226,2.88061943179384,2.95380877514956,3.01386264742167,3.06630209239436,3.12234628634915,3.1805319600142,3.23652867012846,3.29435784560106
Eritrea,ERI,"Adolescent fertility rate (births per 1,000 women ages 15-19)",SP.ADO.TFRT,85.49,82.385,81.1238,79.8626,78.6014,77.3402,76.079,72.9266,69.7742,66.6218,63.4694,60.317,58.7642,57.2114,55.6586,54.1058,52.553,50.7028,48.8526,..
Eritrea,ERI,"Agriculture, forestry, and fishing, value added (% of GDP)",NV.AGR.TOTL.ZS,15.163844400074,13.6018100565387,11.8299212236971,10.642274296598,22.6000002108942,24.59999989582,24.2659805873687,16.7763073752775,14.1242274354984,..,..,..,..,..,..,..,..,..,..,..
Eritrea,ERI,"Annual freshwater withdrawals, total (% of internal resources)",ER.H2O.FWTL.ZS,..,17.775,..,..,..,..,20.7857142857143,..,..,..,..,20.7857142857143,..,..,..,..,20.7857142857143,..,..,..
Eritrea,ERI,Births attended by skilled health staff (% of total),SH.STA.BRTC.ZS,..,28.3,..,..,..,..,..,..,..,34.1,..,..,..,..,..,..,..,..,..,..
Eritrea,ERI,CO2 emissions (metric tons per capita),EN.ATM.CO2E.PC,0.294771469995844,0.274076513295331,0.265285439443408,0.250017556379878,0.212265177225503,0.178191486627586,0.170196293057994,0.146925246393638,0.15064488833047,0.157706965948227,0.180462225989112,0.193839950967723,0.198082983361334,0.205348482414318,0.194446721299215,0.195465322970907,0.210964653458326,0.231696216140132,..,..
Eritrea,ERI,"Contraceptive prevalence, any method (% of married women ages 15-49)",SP.DYN.CONU.ZS,..,8,..,..,..,..,..,..,..,8.7,..,..,..,..,..,..,..,..,..,..
Eritrea,ERI,Domestic credit provided by financial sector (% of GDP),FS.AST.DOMS.GD.ZS,..,..,..,..,..,..,..,..,..,..,..,..,..,..,..,..,..,..,..,..
Eritrea,ERI,Electric power consumption (kWh per capita),EG.USE.ELEC.KH.PC,81.6938073988481,87.0595983408698,89.5818947685711,86.4031261018697,85.6136214809529,79.500817110769,81.7609643121734,79.0131325050232,83.33547014026,85.7925894758357,89.2976876877157,92.9201034797656,95.0798320134404,96.6345799596792,..,..,..,..,..,..
Eritrea,ERI,Energy use (kg of oil equivalent per capita),EG.USE.PCAP.KG.OE,312.342797322296,301.655059391977,308.147877024436,273.390521172626,269.561916513983,237.870556906651,239.244261715178,220.20829428931,231.353047514039,233.659586990689,236.344221117254,240.712297206489,243.06001030641,245.919604861203,..,..,..,..,..,..
Eritrea,ERI,Exports of goods and services (% of GDP),NE.EXP.GNFS.ZS,10.8070403599802,11.7811808402808,6.44232783354792,5.77539898239118,6.16571332006919,6.8995093921478,5.77185258376616,4.42875664923759,4.52862385911089,6.37837659786896,18.1548372567671,..,..,..,..,..,..,..,..,..
Eritrea,ERI,"External debt stocks, total (DOD, current US$)",DT.DOD.DECT.CD,432797640.1,540750572.1,656094138.2,760244436.6,757208868.8,822735305.2,896724741.4,997784245.2,1050653956.3,1037276233.9,1050966567.3,990937207.5,943357521.7,906782925.5,873287801.3,797254598.7,820766657.9,791199901.6,771710773.6,788537429.3
Eritrea,ERI,"Fertility rate, total (births per woman)",SP.DYN.TFRT.IN,5.227,5.145,5.073,5.007,4.945,4.881,4.812,4.737,4.656,4.571,4.486,4.407,4.335,4.273,4.217,4.164,4.112,4.056,3.997,..
Eritrea,ERI,"Foreign direct investment, net inflows (BoP, current US$)",BX.KLT.DINV.CD.WD,12131626.4,22766165.8,24999786.5,24103664.8,1431553.8,15375609.7,7206504,39000000,91000000,91000000,39000000,41357999.9,43859000,46511000,49323000,52305000,55468000,61015000,67116000,73828000
Eritrea,ERI,Forest area (sq. km),AG.LND.FRST.K2,11153,11121.4,11089.8,11058.2,11026.6,10995,10963.4,10931.8,10900.2,10868.6,10837,10805.4,10773.8,10742.2,10710.6,10679,10647.4,10615.8,10584.2,10552.6
Eritrea,ERI,GDP (current US$),NY.GDP.MKTP.CD,752368495.512622,729321366.651861,870247703.182758,1109054005.43971,1098425900.74116,1211161879.6748,1317974491.05691,1380188800,1856695551.21951,1589515447.15447,2065001626.01626,..,..,..,..,..,..,..,..,..
Eritrea,ERI,GDP growth (annual %),NY.GDP.MKTP.KD.ZG,8.75543552816325,3.0054291917378,-2.65551592487554,1.45173556595506,2.57444955124846,-0.969217110711355,1.42682221120323,-9.78303001782456,3.8765015275421,2.19419034888082,8.67980010138049,..,..,..,..,..,..,..,..,..
Eritrea,ERI,"GNI per capita, Atlas method (current US$)",NY.GNP.PCAP.CD,310,300,300,340,390,410,420,410,480,510,600,..,..,..,..,..,..,..,..,..
Eritrea,ERI,"GNI per capita, PPP (current international $)",NY.GNP.PCAP.PP.CD,1630,1630,1540,1530,1560,1550,1570,1410,1450,1470,1610,..,..,..,..,..,..,..,..,..
Eritrea,ERI,"GNI, Atlas method (current US$)",NY.GNP.ATLS.CD,742638742.233522,749383258.596545,778771883.913954,922192926.080773,1100996798.87317,1183884594.40717,1244706195.89756,1252035687.16266,1501264214.29944,1632264941.84235,1940938992.48915,..,..,..,..,..,..,..,..,..
Eritrea,ERI,"GNI, PPP (current international $)",NY.GNP.MKTP.PP.CD,3882334372.12203,4040941346.24549,3995622454.25659,4151458430.86495,4414188414.51396,4510019762.34302,4705298983.25853,4314353636.43427,4514907121.97727,4650579867.9947,5164760114.43522,..,..,..,..,..,..,..,..,..
Eritrea,ERI,Gross capital formation (% of GDP),NE.GDI.TOTL.ZS,35.2606217610795,29.5489323270544,26.5439604075464,20.2629217457409,20.3394397206045,13.6811165438244,12.6735754136609,12.7135404800139,9.26379597839317,12.3854014927083,12.626317662696,..,..,..,..,..,..,..,..,..
Eritrea,ERI,High-technology exports (% of manufactured exports),TX.VAL.TECH.MF.ZS,..,..,..,..,..,..,..,..,..,..,..,..,..,..,..,..,..,..,..,..
Eritrea,ERI,"Immunization, measles (% of children ages 12-23 months)",SH.IMM.MEAS,84,83,92,96,95,94,92,91,93,95,96,98,94,90,97,99,99,99,99,..
Eritrea,ERI,Imports of goods and services (% of GDP),NE.IMP.GNFS.ZS,61.2556705989949,64.8089828171642,67.5654964566073,59.7955078666408,54.9403177017381,38.3613366615876,28.7877069488713,26.132193400212,23.443517755704,31.0930888587001,29.2389528621013,..,..,..,..,..,..,..,..,..
Eritrea,ERI,Income share held by lowest 20%,SI.DST.FRST.20,..,..,..,..,..,..,..,..,..,..,..,..,..,..,..,..,..,..,..,..
Eritrea,ERI,"Industry (including construction), value added (% of GDP)",NV.IND.TOTL.ZS,18.5335104260986,19.1738449069837,19.69660113404,19.6127388525368,20.4623875049573,18.1529072515031,19.1952082293037,25.9146824489119,21.8193391437224,..,..,..,..,..,..,..,..,..,..,..
Eritrea,ERI,"Inflation, GDP deflator (annual %)",NY.GDP.DEFL.KD.ZG,15.0772695786828,16.1486673617657,21.8728417590652,24.7992856783348,7.62368935878268,11.3940039534664,7.28820826067988,16.0762200958727,29.5045071421789,-16.2281996990874,19.5382281454081,..,..,..,..,..,..,..,..,..
Eritrea,ERI,"Life expectancy at birth, total (years)",SP.DYN.LE00.IN,55.864,56.5,57.191,57.932,58.707,59.487,60.243,60.952,61.602,62.193,62.732,63.238,63.726,64.201,64.664,65.111,65.538,65.941,66.321,..
Eritrea,ERI,Merchandise trade (% of GDP),TG.VAL.TOTL.GD.ZS,58.7478081068301,80.8971225824013,50.5603172971083,44.2719648990702,45.6107234599943,41.8606305654313,39.6821033752023,44.2693057645447,32.3693348435748,42.3399471332471,66.8280345455347,54.0506579363807,46.2893847020807,69.1913008771199,44.8979734174592,53.1746521398632,55.9573486105534,70.1038973587806,73.4576770059401,59.5033674553652
Eritrea,ERI,Military expenditure (% of GDP),MS.MIL.XPND.GD.ZS,22.1367915582472,20.6718783563252,20.8657453093811,..,..,..,..,..,..,..,..,..,..,..,..,..,..,..,..,..
Eritrea,ERI,Mobile cellular subscriptions (per 100 people),IT.CEL.SETS.P2,0,0,0,0.735347376,1.430593503,2.124456644,2.814850214,3.546811572,4.523513423,5.84383531,7.527725817,9.39303406,10.81363751,12.60475399,14.20956809,14.9856792,20.36395515,..,..,..
Eritrea,ERI,"Mortality rate, under-5 (per 1,000 live births)",SH.DYN.MORT,81.1,77.3,73.8,70.5,67.5,64.6,61.9,59.4,57.1,55.1,53.1,51.2,49.5,47.9,46.3,44.8,43.3,41.9,40.6,39.3
Eritrea,ERI,Net barter terms of trade index (2000 = 100),TT.PRI.MRCH.XD.WD,103.6655891,91.57530238,92.18178976,91.22568207,95.91993139,97.45066149,100.6633706,92.95923078,99.56269753,105.7587964,107.0432192,104.9661758,106.5062754,106.1688559,101.4554016,103.3548958,111.2770097,112.4628238,109.6927063,105.8925705
Eritrea,ERI,Net migration,SM.POP.NETM,..,227290,..,..,..,..,-80009,..,..,..,..,-246000,..,..,..,..,-199290,..,..,..
Eritrea,ERI,Net official development assistance and official aid received (current US$),DT.ODA.ALLD.CD,284700012.207031,226669998.168945,316959991.455078,263519989.013672,349739990.234375,126190002.441406,158529998.779297,145419998.168945,142619995.117188,162309997.558594,133410003.662109,135970001.220703,81309997.5585938,84190002.4414063,93919998.1689453,66819999.6948242,79199996.9482422,84239997.8637695,276929992.675781,..
Eritrea,ERI,"Personal remittances, received (current US$)",BX.TRF.PWKR.CD.DT,..,..,..,..,0,0,0,0,0,0,0,0,0,0,0,0,0,0,0,..
Eritrea,ERI,Population density (people per sq. km of land area),EN.POP.DNST,23.5120891089109,24.5649405940594,25.752198019802,26.928801980198,27.9866633663366,28.8931584158416,29.6687128712871,30.3245742574257,30.890297029703,31.3904653465347,31.8214752475248,32.1792475247525,32.4896336633663,32.7865742574257,33.0972079207921,33.4312673267327,33.7910297029703,34.1861089108911,34.6249207920792,35.1131386138614
Eritrea,ERI,Population growth (annual %),SP.POP.GROW,3.52749823098739,4.38055282586615,4.71997361577386,4.46764359358692,3.85316689642637,3.18767457176097,2.64882177981021,2.18653635301798,1.84837072027681,1.60620728106538,1.36371886893331,..,..,..,..,..,..,..,..,..
Eritrea,ERI,"Population, total",SP.POP.TOTL,2374721,2481059,2600972,2719809,2826653,2918209,2996540,3062782,3119920,3170437,3213969,..,..,..,..,..,..,..,..,..
Eritrea,ERI,Poverty headcount ratio at $1.90 a day (2011 PPP) (% of population),SI.POV.DDAY,..,..,..,..,..,..,..,..,..,..,..,..,..,..,..,..,..,..,..,..
Eritrea,ERI,Poverty headcount ratio at national poverty lines (% of population),SI.POV.NAHC,..,..,..,..,..,..,..,..,..,..,..,..,..,..,..,..,..,..,..,..
Eritrea,ERI,"Prevalence of HIV, total (% of population ages 15-49)",SH.DYN.AIDS.ZS,1.4,1.4,1.3,1.2,1.1,1,1,0.9,0.9,0.9,0.8,0.8,0.8,0.7,0.7,0.7,0.6,0.6,0.5,0.5
Eritrea,ERI,"Prevalence of underweight, weight for age (% of children under 5)",SH.STA.MALN.ZS,..,34.3,..,..,..,..,..,..,..,39.4,..,..,..,..,..,..,..,..,..,..
Eritrea,ERI,"Primary completion rate, total (% of relevant age group)",SE.PRM.CMPT.ZS,49.498950958252,48.9708518981934,55.2257499694824,64.3374633789063,79.4032897949219,79.7164993286133,79.3443298339844,82.0190734863281,87.9706878662109,76.3306503295898,73.2809066772461,66.0858383178711,61.0422286987305,..,62.8411102294922,..,64.1866607666016,60.2705116271973,..,..
Eritrea,ERI,"Revenue, excluding grants (% of GDP)",GC.REV.XGRT.GD.ZS,..,..,..,..,..,..,..,..,..,..,..,..,..,..,..,..,..,..,..,..
Eritrea,ERI,"School enrollment, primary (% gross)",SE.PRM.ENRR,81.2486114501953,91.5184020996094,101.580680847168,108.568588256836,112.467231750488,111.950721740723,103.105072021484,97.449821472168,91.3832168579102,83.675666809082,86.2345428466797,87.2734298706055,92.2473678588867,79.8505477905273,76.161003112793,..,68.4745178222656,68.4338302612305,..,..
Eritrea,ERI,"School enrollment, primary and secondary (gross), gender parity index (GPI)",SE.ENR.PRSC.FM.ZS,0.789290010929108,0.753889977931976,0.758149981498718,0.71754002571106,0.727840006351471,0.73062002658844,0.787980020046234,0.78193998336792,0.78276002407074,0.809469997882843,0.814059972763062,0.818639993667603,0.936249971389771,0.836189985275269,0.855459988117218,..,0.874779999256134,0.878799974918365,..,..
Eritrea,ERI,"School enrollment, secondary (% gross)",SE.SEC.ENRR,34.5148010253906,35.4239692687988,36.0587997436523,36.674919128418,40.3620491027832,42.5117416381836,41.6085205078125,44.910228729248,49.0293006896973,51.9933280944824,55.6236915588379,59.3343200683594,59.8895492553711,58.9507102966309,51.8204193115234,..,47.492130279541,47.6971092224121,..,..
Eritrea,ERI,Statistical Capacity Score (Overall Average) (scale 0 - 100),IQ.SCI.OVRL,..,..,..,37.7777777777778,40,42.2222222222222,37.7777777777778,37.7777777777778,32.2222222222222,32.2222222222222,32.2222222222222,32.2222222222222,31.1111111111111,31.1111111111111,27.7778,28.8889,28.8888666666667,27.7777666666667,27.7777666666667,31.1111
Eritrea,ERI,Surface area (sq. km),AG.SRF.TOTL.K2,117600,117600,117600,117600,117600,117600,117600,117600,117600,117600,117600,117600,117600,117600,117600,117600,117600,117600,..,..
Eritrea,ERI,Tax revenue (% of GDP),GC.TAX.TOTL.GD.ZS,..,..,..,..,..,..,..,..,..,..,..,..,..,..,..,..,..,..,..,..
Eritrea,ERI,Terrestrial and marine protected areas (% of total territorial area),ER.PTD.TOTL.ZS,..,..,..,..,..,..,..,..,..,..,..,..,..,..,..,4.8721871655296,2.95834092932792,2.95834092932792,..,..
Eritrea,ERI,Time required to start a business (days),IC.REG.DURS,..,..,..,76,76,76,83,84,84,84,84,84,84,84,84,84,84,84,84,..
Eritrea,ERI,"Total debt service (% of exports of goods, services and primary income)",DT.TDS.DECT.EX.ZS,..,..,..,..,..,..,..,..,..,..,..,..,..,..,..,..,..,..,..,..
Eritrea,ERI,Urban population growth (annual %),SP.URB.GROW,6.74011890582131,7.55663088587524,7.85642123906139,7.56512750854323,6.90586093750639,6.20290786274803,5.61829844896393,5.12030306734064,3.55428217182575,3.29777288778106,3.04394171344602,..,..,..,..,..,..,..,..,..
Kenya,KEN,"Adolescent fertility rate (births per 1,000 women ages 15-19)",SP.ADO.TFRT,105.6588,104.2,102.7784,101.3568,99.9352,98.5136,97.092,94.9042,92.7164,90.5286,88.3408,86.153,83.938,81.723,79.508,77.293,75.078,74.044,73.01,..
Kenya,KEN,"Agriculture, forestry, and fishing, value added (% of GDP)",NV.AGR.TOTL.ZS,27.8492601112896,25.8539676039456,25.8044393708329,24.9290410875057,24.2362747002419,20.5196878049409,20.5866644602991,22.1963401579826,16.2549814662286,17.5677598863696,18.8947112249953,18.8297259329446,18.6165515854622,18.3478393393556,19.4696147780528,20.0345164328349,20.8936374065292,20.314910419968,21.1695031833172,23.0475666679562
Kenya,KEN,"Annual freshwater withdrawals, total (% of internal resources)",ER.H2O.FWTL.ZS,..,9.9837730705314,..,..,..,..,13.6866804690821,..,..,..,..,15.5497584541063,..,..,..,..,19.4782608695652,..,..,..
Kenya,KEN,Births attended by skilled health staff (% of total),SH.STA.BRTC.ZS,..,..,41.6,..,..,..,..,..,43.8,..,..,..,..,61.8,..,..,..,..,..,..
Kenya,KEN,CO2 emissions (metric tons per capita),EN.ATM.CO2E.PC,0.231669148205512,0.219840478771083,0.188299582964003,0.208501314161614,0.227440912666594,0.247018257225636,0.242081743848372,0.2490451343165,0.286295482658244,0.300732674252934,0.301772164563332,0.273546483248751,0.309754049572862,0.321841107580519,0.356946384459996,0.38265880019117,0.376136378887093,0.358028407608337,..,..
Kenya,KEN,"Contraceptive prevalence, any method (% of married women ages 15-49)",SP.DYN.CONU.ZS,..,..,39.3,..,..,..,..,..,45.5,..,..,..,..,58,64.7,61.6,60.6,62.8,59.7,..
Kenya,KEN,Domestic credit provided by financial sector (% of GDP),FS.AST.DOMS.GD.ZS,..,..,..,..,..,..,..,..,..,..,..,..,..,..,..,..,..,..,..,..
Kenya,KEN,Electric power consumption (kWh per capita),EG.USE.ELEC.KH.PC,113.88623961062,113.120073847439,118.689293029072,125.858464874137,128.164182960023,135.8600414741,139.435984156848,138.872190941774,139.798255323641,147.844370079726,148.709061294026,150.439290169202,160.984232288648,164.325260117957,..,..,..,..,..,..
Kenya,KEN,Energy use (kg of oil equivalent per capita),EG.USE.PCAP.KG.OE,431.981466224602,426.016390381701,423.714057307839,433.506475481158,436.927071767601,443.165415191607,440.465123513103,443.540136123899,456.949545347615,464.413403312685,461.465686327868,454.835750446137,468.636589650972,505.996512253099,..,..,..,..,..,..
Kenya,KEN,Exports of goods and services (% of GDP),NE.EXP.GNFS.ZS,22.9315763643367,24.8979726147002,24.086815305421,26.6102585752973,28.5090302142012,22.9849396441861,21.9189912933699,22.6740575532267,18.7749454916013,20.1243596478793,21.5494770708279,19.8649477228834,17.7921805531655,16.4728044658123,15.1287339034504,13.2497448006759,12.7366599413725,12.541975333359,11.4080203953839,9.6779919486595
Kenya,KEN,"External debt stocks, total (DOD, current US$)",DT.DOD.DECT.CD,5495276586,6095869527.9,6715084650.7,6916593410.5,6489733475.8,6691670449.8,7549036617.4,7671116765.7,8563487623.4,8862420008.6,10019616788,11808007308.1,13750968310.3,16888188081.7,19761669155.3,21037318124,26929600433.7,31413700215.2,34941393887.9,38193646113.7
Kenya,KEN,"Fertility rate, total (births per woman)",SP.DYN.TFRT.IN,5.112,5.045,4.979,4.913,4.843,4.767,4.682,4.587,4.482,4.369,4.248,4.123,3.999,3.879,3.765,3.663,3.572,3.492,3.423,..
Kenya,KEN,"Foreign direct investment, net inflows (BoP, current US$)",BX.KLT.DINV.CD.WD,5302622.93940566,27618447.058206,81738242.6366213,46063931.4543862,21211685.395223,50674725.1830696,729054666.996781,95584970.6665382,116259380.95905,178064198.569626,1450460112.22249,1380167159.58831,1118819096.64435,820934459.324974,619719962.285828,678803416.953924,1266137282.66311,1625921130.62177,1332436904.48383,716756223.6
Kenya,KEN,Forest area (sq. km),AG.LND.FRST.K2,39267.05,38922.2,38577.35,38232.5,37887.65,37542.8,37197.95,36853.1,36508.25,36163.4,35975.54,35787.68,35599.82,35411.96,35224.1,35519.7,35815.3,36110.9,36110.9,36110.9
Kenya,KEN,GDP (current US$),NY.GDP.MKTP.CD,12986007425.8781,13147743910.7241,14904517649.8476,16095337093.8366,18737897744.7948,25825524820.8064,31958195182.2406,35895153327.8497,42347217912.9176,45405587556.7313,46869457318.2541,56396706005.9435,61671425370.0235,68285768554.472,70120413328.7838,74815121314.9381,82035800868.187,92202956320.532,100555485831.944,101013726529.063
Kenya,KEN,GDP growth (annual %),NY.GDP.MKTP.KD.ZG,3.77990649628987,0.54685952999445,2.93247554619272,5.10429977568947,5.90666608168007,6.47249429862471,6.85072977063147,0.232282745665842,3.30693981534766,8.05847360290906,5.1211061197056,4.56867961444982,3.7978483925754,5.02011100232484,4.96772112759767,4.21351706814744,3.81550642712519,5.62910144021626,4.98113262830462,-0.316182728955951
Kenya,KEN,"GNI per capita, Atlas method (current US$)",NY.GNP.PCAP.CD,400,380,400,450,510,580,700,820,820,920,1000,1050,1110,1230,1300,1460,1510,1680,1830,1840
Kenya,KEN,"GNI per capita, PPP (current international $)",NY.GNP.PCAP.PP.CD,1870,1860,1900,2000,2140,2280,2430,2420,2140,2290,2440,2520,2740,2980,3320,3880,4130,4380,4570,4500
Kenya,KEN,"GNI, Atlas method (current US$)",NY.GNP.ATLS.CD,13000594243.0183,12882107441.9805,14031381214.9055,16076230711.3066,18609116462.7221,21847775290.0599,27060703357.6326,32710330147.8788,33429518993.204,38745124719.311,43127821631.9654,46512359866.472,50624918968.6032,57582701543.766,62095731219.3467,71748228453.1521,75729822839.3306,86570500445.8947,96119242041.6495,98810733509.8873
Kenya,KEN,"GNI, PPP (current international $)",NY.GNP.MKTP.PP.CD,61497051468.6721,62913426483.6483,65864946641.5767,71218928974.721,78280737270.8268,85687607659.952,93869205965.4821,96222933340.3331,87527899346.9094,96178368438.1102,105284725887.098,111702555544.44,124600115565.074,139107161405.764,158922253444.33,190212512400.661,207226682942.329,224899304920.597,240094896922.919,242046296541.763
Kenya,KEN,Gross capital formation (% of GDP),NE.GDI.TOTL.ZS,18.790340524259,15.1382158893462,16.4821493891933,16.962495556485,17.6496847904784,18.633585404403,20.4569783889085,19.6127114227698,19.0191724248254,21.2639987992095,21.8858122759467,22.1933629258823,22.4049681039862,24.9507189987733,22.1033982020293,19.3484358309332,20.6634949022773,19.3759862497025,19.1096043216747,19.6700416033045
Kenya,KEN,High-technology exports (% of manufactured exports),TX.VAL.TECH.MF.ZS,..,..,..,..,..,..,..,4.69429135606251,6.06237310187654,6.7169095993288,..,..,4.06878073598639,..,4.36594590059172,7.58603505405666,3.34854901448956,3.61296121831237,4.59251561844472,5.11170800322522
Kenya,KEN,"Immunization, measles (% of children ages 12-23 months)",SH.IMM.MEAS,77,78,72,73,69,77,80,90,88,86,87,93,94,95,96,96,89,89,89,..
Kenya,KEN,Imports of goods and services (% of GDP),NE.IMP.GNFS.ZS,33.0152596643276,30.2746996493051,30.045450590308,32.8667447731316,35.9698359497784,32.2515454815442,31.975797511236,34.9045410940864,27.1702463211792,30.2699277024041,36.8527289037346,31.7587443003647,29.6724619595649,29.6976848964037,25.1986507884515,21.6152747725065,23.2583979340349,21.8727778433835,20.2959313955014,17.6750573235803
Kenya,KEN,Income share held by lowest 20%,SI.DST.FRST.20,..,..,..,..,5,..,..,..,..,..,..,..,..,..,6.2,..,..,..,..,..
Kenya,KEN,"Industry (including construction), value added (% of GDP)",NV.IND.TOTL.ZS,15.3096240912508,15.4535611803669,15.6231500412624,16.2050773387406,17.0126260396617,19.3841059353688,19.3021680815154,18.5827717274425,18.386624667775,18.5746727706851,19.6629008334867,19.26155255789,19.0802591143975,19.0360328023672,18.8940456983605,18.1621592865164,17.5035092078691,17.313146131064,16.7416626964989,17.3768844987516
Kenya,KEN,"Inflation, GDP deflator (annual %)",NY.GDP.DEFL.KD.ZG,1.57312029865413,0.933205556077411,6.19731323851092,7.12684155567351,4.89964971872796,23.5301332527862,8.12948559548245,15.1511749632828,27.6968163778919,1.63919964802533,10.0650129672316,9.52297221154848,7.3375622336044,7.63503190149002,9.23865468396285,5.84962894648808,7.60520032430996,4.23362110099674,4.59019083853636,5.18197029478311
Kenya,KEN,"Life expectancy at birth, total (years)",SP.DYN.LE00.IN,51.101,51.606,52.41,53.475,54.732,56.093,57.463,58.76,59.932,60.959,61.851,62.659,63.419,64.135,64.798,65.393,65.909,66.342,66.699,..
Kenya,KEN,Merchandise trade (% of GDP),TG.VAL.TOTL.GD.ZS,39.5502623059122,40.7750564385975,41.1687257793462,44.9633329069652,49.4505847251408,41.5674030808129,40.897178096162,44.9336428589264,34.6303741373447,38.0173474870957,43.8195813972037,39.7487753941472,36.0199231114212,35.8947413478218,31.3731750223007,26.467911368669,27.3465971716987,25.4113327110126,23.3642150954001,21.2535471541316
Kenya,KEN,Military expenditure (% of GDP),MS.MIL.XPND.GD.ZS,1.50475490196078,1.63240781121287,1.65009984272562,1.61419423692636,1.69058701379422,1.45517741016444,1.54791227998168,1.61585029427424,1.56144803484178,1.55513786793997,1.54141895140139,1.66638897819246,1.56190991610693,1.33290268007615,1.31807026111731,1.3487397833903,1.28911097816314,1.26640880282782,1.16769139046156,1.10483981928891
Kenya,KEN,Mobile cellular subscriptions (per 100 people),IT.CEL.SETS.P2,1.826563864,3.517217291,4.587200143,7.145047389,12.59244566,19.49669464,29.32215145,40.97200639,47.34403568,59.40635121,65.03449165,69.30390445,69.92534333,72.01839698,78.77455056,79.47190398,85.25315693,96.32021675,103.7690208,114.2038756
Kenya,KEN,"Mortality rate, under-5 (per 1,000 live births)",SH.DYN.MORT,94.2,89.8,85.4,81,76.3,72,68,63.5,59.9,57.4,55.5,54.1,52.3,50.6,48.9,47.2,45.9,44.3,43,41.9
Kenya,KEN,Net barter terms of trade index (2000 = 100),TT.PRI.MRCH.XD.WD,94.39081957,90.88274002,91.03849087,97.07417879,98.87310349,98.24311616,95.37028058,94.99223574,105.7432784,104.537767,100.3850961,99.98492429,96.26545117,97.09315444,109.6854627,108.9979037,114.6100399,108.123074,107.0607622,106.1057818
Kenya,KEN,Net migration,SM.POP.NETM,..,25144,..,..,..,..,-189330,..,..,..,..,-50000,..,..,..,..,-50000,..,..,..
Kenya,KEN,Net official development assistance and official aid received (current US$),DT.ODA.ALLD.CD,472410003.662109,388220001.220703,522900024.414063,655929992.675781,756570007.324219,941650024.414063,1329359985.35156,1363400024.41406,1782479980.46875,1631260009.76563,2478820068.35938,2653659912.10938,3306840087.89063,2661030029.29688,2463560058.59375,2188389892.57813,2480219970.70313,2490929931.64063,3250969970.70313,..
Kenya,KEN,"Personal remittances, received (current US$)",BX.TRF.PWKR.CD.DT,50914426.2781064,57143479.9765542,65845295.3810806,375811334.23186,424991045.929029,570459274.012713,645217182.470908,667312380.28695,631470507.751479,685755700.462768,934139771.426426,1211015734.05891,1304270348.7247,1440840740.42481,1569256448.01188,1744642660.94757,1962264725.59694,2720366061.45975,2838192215.41577,3100000000
Kenya,KEN,Population density (people per sq. km of land area),EN.POP.DNST,57.7161489264504,59.303064272411,60.9318990055171,62.6124802333345,64.3512966932565,66.1507520118073,68.0077555610219,69.9159855220157,71.8659697086833,73.8494641037355,75.8658150894332,77.9131127666303,79.9802965878343,82.0537354605194,84.1240099096883,86.1853515830903,88.2404083353832,90.2986435674878,92.3744017289243,94.4781600309238
Kenya,KEN,Population growth (annual %),SP.POP.GROW,2.72804871234742,2.71239669758013,2.70958520384882,2.72077922071736,2.73924614871763,2.75791743051646,2.76854922629633,2.767256335538,2.7508537992605,2.7225900011839,2.69374364646689,2.66280780440883,2.61860447776138,2.55940314494339,2.49176754837837,2.42082093780373,2.3564774490698,2.30574364203494,2.27274637907931,2.25187943057208
Kenya,KEN,"Population, total",SP.POP.TOTL,32848569,33751746,34678781,35635267,36624897,37649039,38705934,39791984,40901798,42030684,43178270,44343469,45519986,46700063,47878339,49051531,50221146,51392570,52573967,53771300
Kenya,KEN,Poverty headcount ratio at $1.90 a day (2011 PPP) (% of population),SI.POV.DDAY,..,..,..,..,43.9,..,..,..,..,..,..,..,..,..,37.1,..,..,..,..,..
Kenya,KEN,Poverty headcount ratio at national poverty lines (% of population),SI.POV.NAHC,..,..,..,..,46.8,..,..,..,..,..,..,..,..,..,36.1,..,..,..,..,..
Kenya,KEN,"Prevalence of HIV, total (% of population ages 15-49)",SH.DYN.AIDS.ZS,8.6,8.1,7.6,7.2,6.8,6.4,6.2,6,5.9,5.7,5.6,5.5,5.3,5.2,5,4.9,4.7,4.5,4.4,4.2
Kenya,KEN,"Prevalence of underweight, weight for age (% of children under 5)",SH.STA.MALN.ZS,..,..,16.4,..,18,..,..,16.5,..,..,12.7,..,..,11.2,..,..,..,..,..,..
Kenya,KEN,"Primary completion rate, total (% of relevant age group)",SE.PRM.CMPT.ZS,..,..,..,86.3224182128906,86.942497253418,..,..,..,..,..,..,..,..,97.2009963989258,99.1434020996094,99.6787414550781,..,..,..,..
Kenya,KEN,"Revenue, excluding grants (% of GDP)",GC.REV.XGRT.GD.ZS,..,..,..,..,..,..,..,..,..,..,..,..,..,19.5621058827303,19.3515429430809,19.0657755266586,21.1458721961561,18.6789342149032,19.064421893497,..
Kenya,KEN,"School enrollment, primary (% gross)",SE.PRM.ENRR,94.3810501098633,88.2417907714844,101.822418212891,100.443893432617,99.3462905883789,96.347541809082,102.365493774414,102.284797668457,103.914497375488,..,..,109.41773223877,..,105.753410339355,103.661567687988,103.205337524414,..,..,..,..
Kenya,KEN,"School enrollment, primary and secondary (gross), gender parity index (GPI)",SE.ENR.PRSC.FM.ZS,0.962180018424988,0.944649994373322,0.964600026607513,0.93383002281189,0.95169997215271,0.954370021820068,0.946319997310638,0.954289972782135,0.950529992580414,..,..,..,..,..,..,..,..,..,..,..
Kenya,KEN,"School enrollment, secondary (% gross)",SE.SEC.ENRR,39.8926086425781,40.5117492675781,42.5429992675781,46.425838470459,46.9905700683594,48.7714500427246,50.7726707458496,56.5935211181641,56.760368347168,..,..,..,..,..,..,..,..,..,..,..
Kenya,KEN,Statistical Capacity Score (Overall Average) (scale 0 - 100),IQ.SCI.OVRL,..,..,..,64.4444444444444,58.8888888888889,58.8888888888889,62.2222222222222,64.4444444444444,62.2222222222222,62.2222222222222,61.1111111111111,57.7777777777778,52.2222222222222,54.4444444444444,54.4444333333333,55.5555333333333,57.7777666666667,52.2222333333333,57.7778,57.7778
Kenya,KEN,Surface area (sq. km),AG.SRF.TOTL.K2,580370,580370,580370,580370,580370,580370,580370,580370,580370,580370,580370,580370,580370,580370,580370,580370,580370,580370,..,..
Kenya,KEN,Tax revenue (% of GDP),GC.TAX.TOTL.GD.ZS,..,..,..,..,..,..,..,..,..,..,..,..,..,15.1870212650473,14.8394826504099,14.9664727307544,15.0524641340645,14.3612789172776,15.0737141839677,..
Kenya,KEN,Terrestrial and marine protected areas (% of total territorial area),ER.PTD.TOTL.ZS,..,..,..,..,..,..,..,..,..,..,..,..,..,..,..,10.5050213796236,10.5050828924669,10.5050828924669,..,..
Kenya,KEN,Time required to start a business (days),IC.REG.DURS,..,..,60,47,55,55,45,33,33,33,35,34,34,32,28,22,23,23,23,..
Kenya,KEN,"Total debt service (% of exports of goods, services and primary income)",DT.TDS.DECT.EX.ZS,15.8770724297325,16.3518460197548,15.8395942005604,8.28271114274801,9.98729954136341,7.1355616907945,6.32798399433187,4.8840072702536,5.14020030177125,4.40375085101015,4.31467498937321,4.63754176908303,4.72706583843258,11.3599522375295,8.32796399718031,11.1602629537617,14.6073624197205,23.7172059190077,38.3757841900304,27.8411689544957
Kenya,KEN,Urban population growth (annual %),SP.URB.GROW,4.45742498459752,4.43665972405275,4.42849380031344,4.43410155696291,4.43755369089764,4.45055664191255,4.45530022149245,4.4479689290422,4.41673101755764,4.38238214095663,4.36816192872176,4.34657458438635,4.31886626920069,4.26693623957953,4.20960811259828,4.14796672876075,4.09195586448875,4.05231824605309,4.02205904536996,4.01041775742508
Somalia,SOM,"Adolescent fertility rate (births per 1,000 women ages 15-19)",SP.ADO.TFRT,127.2234,127.378,127.326,127.274,127.222,127.17,127.118,123.7696,120.4212,117.0728,113.7244,110.376,108.3178,106.2596,104.2014,102.1432,100.085,97.6452,95.2054,..
Somalia,SOM,"Agriculture, forestry, and fishing, value added (% of GDP)",NV.AGR.TOTL.ZS,..,..,..,..,..,..,..,..,..,..,..,..,..,..,..,..,..,..,..,..
Somalia,SOM,"Annual freshwater withdrawals, total (% of internal resources)",ER.H2O.FWTL.ZS,..,54.9216666666667,..,..,..,..,54.9666666666667,..,..,..,..,54.9666666666667,..,..,..,..,54.9666666666667,..,..,..
Somalia,SOM,Births attended by skilled health staff (% of total),SH.STA.BRTC.ZS,..,24.8,..,..,..,9.4,..,..,..,..,..,..,..,..,..,..,..,..,..,..
Somalia,SOM,CO2 emissions (metric tons per capita),EN.ATM.CO2E.PC,0.0555149232277596,0.0599915696057449,0.0590907442295851,0.0572542575697285,0.0555190958887535,0.0538837953218461,0.0559560625776503,0.0543993834268593,0.0520580377140855,0.0523086983719374,0.0509037228801326,0.049545880547084,0.0497561527501642,0.0484222864392791,0.047110994372483,0.0465259397975487,0.0452390524063577,0.0459747904898814,..,..
Somalia,SOM,"Contraceptive prevalence, any method (% of married women ages 15-49)",SP.DYN.CONU.ZS,..,..,..,..,..,14.6,..,..,..,..,9.8,..,..,..,..,..,..,..,6.9,..
Somalia,SOM,Domestic credit provided by financial sector (% of GDP),FS.AST.DOMS.GD.ZS,..,..,..,..,..,..,..,..,..,..,..,..,..,..,..,..,..,..,..,..
Somalia,SOM,Electric power consumption (kWh per capita),EG.USE.ELEC.KH.PC,..,..,..,..,..,..,..,..,..,..,..,..,..,..,..,..,..,..,..,..
Somalia,SOM,Energy use (kg of oil equivalent per capita),EG.USE.PCAP.KG.OE,..,..,..,..,..,..,..,..,..,..,..,..,..,..,..,..,..,..,..,..
Somalia,SOM,Exports of goods and services (% of GDP),NE.EXP.GNFS.ZS,..,..,..,..,..,..,..,..,..,..,..,..,20.6142943101636,20.9280991522887,19.4682380407805,19.2951973292667,17.7215189873418,19.1259907978794,17.4626651988832,16.9124442878559
Somalia,SOM,"External debt stocks, total (DOD, current US$)",DT.DOD.DECT.CD,2476280807.3,2607722167.1,2762599394.4,2775888430,2672234285.5,2762438309.6,2868829766.4,2865716564.1,2943660874.7,2934384056.4,2940364939.5,2940491562,2938897190.3,2837118511.5,2770590306.7,2744666127.8,2833531570.2,5558434812.7,5621339497.2,4659652464.5
Somalia,SOM,"Fertility rate, total (births per woman)",SP.DYN.TFRT.IN,7.577,7.517,7.451,7.381,7.306,7.228,7.144,7.055,6.961,6.865,6.765,6.664,6.563,6.462,6.363,6.265,6.168,6.072,5.978,..
Somalia,SOM,"Foreign direct investment, net inflows (BoP, current US$)",BX.KLT.DINV.CD.WD,40000,140000,-850000,-4790000,24000000,96000000,141000000,87000000,108000000,112000000,102000000,107330000,258000000,261000000,303000000,330000000,369000000,408000000,447000000,464000000
Somalia,SOM,Forest area (sq. km),AG.LND.FRST.K2,74382.5,73615,72847.5,72080,71312.5,70545,69777.5,69010,68242.5,67475,66707.5,65940,65172.5,64405,63637.5,62870,62102.5,61335,60567.5,59800
Somalia,SOM,GDP (current US$),NY.GDP.MKTP.CD,..,..,..,..,..,..,..,..,..,..,..,..,4574495666.99486,5021956321.11861,5331761394.25501,5529873479.87153,5609000000,5850677295.69858,6476674591.87348,6965285324.52207
Somalia,SOM,GDP growth (annual %),NY.GDP.MKTP.KD.ZG,..,..,..,..,..,..,..,..,..,..,..,..,..,7.50710003887016,14.895301418612,8.39934578091814,2.59256022341189,7.67887980204993,8.08144002189277,2.44021097265804
Somalia,SOM,"GNI per capita, Atlas method (current US$)",NY.GNP.PCAP.CD,..,..,..,..,..,..,..,..,..,..,..,..,..,..,400,400,380,400,420,420
Somalia,SOM,"GNI per capita, PPP (current international $)",NY.GNP.PCAP.PP.CD,..,..,..,..,..,..,..,..,..,..,..,..,810,930,1080,1130,1070,1150,1230,1240
Somalia,SOM,"GNI, Atlas method (current US$)",NY.GNP.ATLS.CD,..,..,..,..,..,..,..,..,..,..,..,..,..,..,5470283071.26926,5698142324.75274,5610570226.07914,6038118179.47267,6517096093.82278,6738681334.43315
Somalia,SOM,"GNI, PPP (current international $)",NY.GNP.MKTP.PP.CD,..,..,..,..,..,..,..,..,..,..,..,..,10521020378.2046,12421640787.3215,14858862410.5399,16020077658.5955,15650537718.2159,17258132506.2904,18991856412.0172,19696456549.2818
Somalia,SOM,Gross capital formation (% of GDP),NE.GDI.TOTL.ZS,..,..,..,..,..,..,..,..,..,..,..,..,..,..,..,..,..,..,..,..
Somalia,SOM,High-technology exports (% of manufactured exports),TX.VAL.TECH.MF.ZS,..,..,..,..,..,..,..,..,..,..,..,..,..,..,..,..,..,..,..,..
Somalia,SOM,"Immunization, measles (% of children ages 12-23 months)",SH.IMM.MEAS,20,45,40,40,35,35,35,34,43,46,46,46,46,46,46,46,46,46,46,..
Somalia,SOM,Imports of goods and services (% of GDP),NE.IMP.GNFS.ZS,..,..,..,..,..,..,..,..,..,..,..,..,77.8446469125052,77.7386290109753,74.7782900468128,75.8426031855151,82.4389374220004,87.5625119370295,83.7312408254142,83.5285236559812
Somalia,SOM,Income share held by lowest 20%,SI.DST.FRST.20,..,..,..,..,..,..,..,..,..,..,..,..,..,..,..,..,..,..,..,..
Somalia,SOM,"Industry (including construction), value added (% of GDP)",NV.IND.TOTL.ZS,..,..,..,..,..,..,..,..,..,..,..,..,..,..,..,..,..,..,..,..
Somalia,SOM,"Inflation, GDP deflator (annual %)",NY.GDP.DEFL.KD.ZG,..,..,..,..,..,..,..,..,..,..,..,..,..,7.13128440495898,1.64643472309545,-0.848854535775857,-0.974226265169094,0.45805785512178,7.16660483997717,7.90288028021169
Somalia,SOM,"Life expectancy at birth, total (years)",SP.DYN.LE00.IN,51.213,51.492,51.762,52.043,52.346,52.669,52.998,53.326,53.654,53.99,54.342,54.713,55.104,55.509,55.92,56.324,56.709,57.068,57.397,..
Somalia,SOM,Merchandise trade (% of GDP),TG.VAL.TOTL.GD.ZS,..,..,..,..,..,..,..,..,..,..,..,..,..,..,..,..,..,..,..,..
Somalia,SOM,Military expenditure (% of GDP),MS.MIL.XPND.GD.ZS,..,..,..,..,..,..,..,..,..,..,..,..,..,..,..,..,..,..,..,..
Somalia,SOM,Mobile cellular subscriptions (per 100 people),IT.CEL.SETS.P2,0.925248116,1.052482902,2.03761187,4.935715757,4.786125749,5.109669771,5.415103319,5.501357001,5.470360545,5.381985195,14.54392552,18.08815585,39.67482109,40.97271307,42.2984343,46.89983586,48.79644016,50.99230249,..,..
Somalia,SOM,"Mortality rate, under-5 (per 1,000 live births)",SH.DYN.MORT,172.7,172.7,172.7,172.7,172.6,172,170.1,166.5,161.9,157.4,152.8,147.8,143,138.4,134.3,130.3,126.1,122,118.3,114.6
Somalia,SOM,Net barter terms of trade index (2000 = 100),TT.PRI.MRCH.XD.WD,100.3183122,99.35268909,102.9456202,104.3415755,103.7408335,108.6684938,106.0773586,102.1239033,100.8599675,93.30557246,89.73157687,96.60270685,101.5022485,102.1783975,92.3737221,94.53540349,98.29727458,97.64052318,99.65311026,97.86388545
Somalia,SOM,Net migration,SM.POP.NETM,..,0,..,..,..,..,-199997,..,..,..,..,-233405,..,..,..,..,-200002,..,..,..
Somalia,SOM,Net official development assistance and official aid received (current US$),DT.ODA.ALLD.CD,149300003.051758,152720001.220703,176179992.675781,201279998.779297,240220001.220703,396170013.427734,393739990.234375,765869995.117188,661640014.648438,505679992.675781,1098979980.46875,990460021.972656,1054579956.05469,1109199951.17188,1260560058.59375,1183640014.64844,1760369995.11719,1575180053.71094,1865579956.05469,..
Somalia,SOM,"Personal remittances, received (current US$)",BX.TRF.PWKR.CD.DT,..,..,..,..,0,0,0,0,0,0,0,0,0,0,0,0,0,1482000000,1577000000,1735000000
Somalia,SOM,Population density (people per sq. km of land area),EN.POP.DNST,14.6439235502279,15.1454315044473,15.6460802754487,16.1479436987917,16.6526221825485,17.1580068224567,17.6620684158511,18.1674817483342,18.6783737686103,19.1983390187139,19.7282255236395,20.268892466605,20.8239726464118,21.3976009819237,21.9931839194057,22.612355341601,23.2555950521248,23.9235900787452,24.616485478369,25.3342987853477
Somalia,SOM,Population growth (annual %),SP.POP.GROW,3.4830425932668,3.36734609264359,3.25214883645261,3.15722924271754,3.07749760578888,2.98972423082969,2.89543778815699,2.82139662177133,2.77330927806934,2.74573941935183,2.72266121595,2.70369419193737,2.7017534202225,2.71739579646015,2.74537714131231,2.77638699167351,2.80492970604885,2.83192542389384,2.85513551663708,2.87428009490378
Somalia,SOM,"Population, total",SP.POP.TOTL,9186719,9501335,9815412,10130251,10446856,10763904,11080122,11397188,11717691,12043886,12376305,12715487,13063711,13423571,13797204,14185635,14589165,15008225,15442906,15893219
Somalia,SOM,Poverty headcount ratio at $1.90 a day (2011 PPP) (% of population),SI.POV.DDAY,..,..,..,..,..,..,..,..,..,..,..,..,..,..,..,..,68.6,..,..,..
Somalia,SOM,Poverty headcount ratio at national poverty lines (% of population),SI.POV.NAHC,..,..,..,..,..,..,..,..,..,..,..,..,..,..,..,..,..,..,..,..
Somalia,SOM,"Prevalence of HIV, total (% of population ages 15-49)",SH.DYN.AIDS.ZS,0.2,0.3,0.3,0.3,0.3,0.3,0.3,0.2,0.2,0.2,0.2,0.2,0.2,0.1,0.1,0.1,0.1,0.1,0.1,0.1
Somalia,SOM,"Prevalence of underweight, weight for age (% of children under 5)",SH.STA.MALN.ZS,..,..,..,..,..,32.8,..,..,22.5,..,..,..,..,..,..,..,..,..,..,..
Somalia,SOM,"Primary completion rate, total (% of relevant age group)",SE.PRM.CMPT.ZS,..,..,..,..,..,..,..,..,..,..,..,..,..,..,..,..,..,..,..,..
Somalia,SOM,"Revenue, excluding grants (% of GDP)",GC.REV.XGRT.GD.ZS,..,..,..,..,..,..,..,..,..,..,..,..,..,..,..,..,0.000110098378241388,0.000130874901658655,0.000141641889161473,..
Somalia,SOM,"School enrollment, primary (% gross)",SE.PRM.ENRR,..,..,..,..,..,..,23.3635406494141,..,..,..,..,..,..,..,..,..,..,..,..,..
Somalia,SOM,"School enrollment, primary and secondary (gross), gender parity index (GPI)",SE.ENR.PRSC.FM.ZS,..,..,..,..,..,..,0.53710001707077,..,..,..,..,..,..,..,..,..,..,..,..,..
Somalia,SOM,"School enrollment, secondary (% gross)",SE.SEC.ENRR,..,..,..,..,..,..,5.93235015869141,..,..,..,..,..,..,..,..,..,..,..,..,..
Somalia,SOM,Statistical Capacity Score (Overall Average) (scale 0 - 100),IQ.SCI.OVRL,..,..,..,22.2222222222222,22.2222222222222,23.3333333333333,26.6666666666667,23.3333333333333,24.4444444444444,26.6666666666667,23.3333333333333,26.6666666666667,24.4444444444444,20,20,20,23.3333333333333,26.6666666666667,26.6666666666667,34.4444333333333
Somalia,SOM,Surface area (sq. km),AG.SRF.TOTL.K2,637660,637660,637660,637660,637660,637660,637660,637660,637660,637660,637660,637660,637660,637660,637660,637660,637660,637660,..,..
Somalia,SOM,Tax revenue (% of GDP),GC.TAX.TOTL.GD.ZS,..,..,..,..,..,..,..,..,..,..,..,..,..,..,..,..,0.000110002195891172,0.000127943136945809,9.547659986212E-05,..
Somalia,SOM,Terrestrial and marine protected areas (% of total territorial area),ER.PTD.TOTL.ZS,..,..,..,..,..,..,..,..,..,..,..,..,..,..,..,0.827283619408155,..,..,..,..
Somalia,SOM,Time required to start a business (days),IC.REG.DURS,..,..,..,..,..,..,..,..,..,..,..,..,..,..,70,70,70,70,70,..
Somalia,SOM,"Total debt service (% of exports of goods, services and primary income)",DT.TDS.DECT.EX.ZS,..,..,..,..,..,..,..,..,..,..,..,..,..,..,..,0.00494637773722628,0.00327061320754717,0.00535729148753224,0.0542342990654206,..
Somalia,SOM,Urban population growth (annual %),SP.URB.GROW,4.58976598224841,4.47081111714227,5.48073901314389,5.3625375379342,5.2490312062909,5.13933590289705,-4.64897042355829,7.38655319026854,7.2108929625368,7.07362270772641,6.93196422590383,4.05549103954507,4.03789391133885,4.04295469069758,4.06283938127502,4.08813029114275,4.1086932364912,4.13004019811445,4.14318762311224,4.15463235617865
,,,,,,,,,,,,,,,,,,,,,,,
,,,,,,,,,,,,,,,,,,,,,,,
,,,,,,,,,,,,,,,,,,,,,,,
Data from database: World Development Indicators,,,,,,,,,,,,,,,,,,,,,,,
Last Updated: 02/15/2022,,,,,,,,,,,,,,,,,,,,,,,
