Country Name,Country Code,Series Name,Series Code,2001,2002,2003,2004,2005,2006,2007,2008,2009,2010,2011,2012,2013,2014,2015,2016,2017,2018,2019,2020
Ethiopia,ETH,"Adolescent fertility rate (births per 1,000 women ages 15-19)",SP.ADO.TFRT,108.3464,106.049,102.1638,98.2786,94.3934,90.5082,86.623,84.894,83.165,81.436,79.707,77.978,75.7278,73.4776,71.2274,68.9772,66.727,65.0748,63.4226,..
Ethiopia,ETH,"Agriculture, forestry, and fishing, value added (% of GDP)",NV.AGR.TOTL.ZS,42.34057112,38.69237169,37.28505541,38.67975495,41.17449856,42.52417012,42.26501219,45.18455837,45.88269426,41.44682007,41.24996386,44.33094275,41.23950553,38.52044969,36.05697539,34.6988796,33.77928067,31.11192916,33.521072,35.45140633
Ethiopia,ETH,"Annual freshwater withdrawals, total (% of internal resources)",ER.H2O.FWTL.ZS,..,4.555737705,..,..,..,..,6.844254844,..,..,..,..,7.845089419,..,..,..,..,8.645983607,..,..,..
Ethiopia,ETH,Births attended by skilled health staff (% of total),SH.STA.BRTC.ZS,..,..,..,6.4,5.7,..,..,..,..,..,10,..,23.1,15.5,..,27.7,..,..,..,..
Ethiopia,ETH,CO2 emissions (metric tons per capita),EN.ATM.CO2E.PC,0.06455453804,0.06515346207,0.06955742812,0.07179465683,0.06614596043,0.06879926991,0.07524077389,0.08297530534,0.08130565573,0.07382476957,0.08364772601,0.09123558017,0.107772863,0.1256954229,0.1277328521,0.1443001986,0.1453008529,0.149050931,..,..
Ethiopia,ETH,"Contraceptive prevalence, any method (% of married women ages 15-49)",SP.DYN.CONU.ZS,..,..,..,..,14.7,..,..,..,..,..,28.6,..,..,42,37,35.9,36.6,40.1,41.4,..
Ethiopia,ETH,Domestic credit provided by financial sector (% of GDP),FS.AST.DOMS.GD.ZS,44.19834475,46.33138745,46.8233927,45.94304763,49.4509741,46.82817087,..,..,..,..,..,..,..,..,..,..,..,..,..,..
Ethiopia,ETH,Electric power consumption (kWh per capita),EG.USE.ELEC.KH.PC,26.570061,26.23246613,28.62662281,30.77876001,33.53141756,37.4828615,39.56648274,40.99317774,42.15457735,48.29988402,52.5516284,57.21096369,64.05566078,69.1987454,..,..,..,..,..,..
Ethiopia,ETH,Energy use (kg of oil equivalent per capita),EG.USE.PCAP.KG.OE,482.4053966,482.6886111,484.0447523,484.6298281,482.9057357,483.9403075,485.5970132,486.7608679,486.7318732,486.6903069,489.1756514,489.1938681,492.1451667,493.130108,..,..,..,..,..,..
Ethiopia,ETH,Exports of goods and services (% of GDP),NE.EXP.GNFS.ZS,..,..,..,..,..,..,..,..,..,..,16.6868532,13.7672982,12.48407356,11.64161991,9.363313597,7.812080503,7.629368622,8.372675866,7.939976609,7.089634178
Ethiopia,ETH,"External debt stocks, total (DOD, current US$)",DT.DOD.DECT.CD,5745843979,6552441033,7281813432,6568177207,6175805430,2220991209,2591387173,2846424291,5360207434,7286199659,8606311905,10463932699,12584252083,16944825499,20443253424,23396100284,26169980395,27842380883,28374718501,30364411863
Ethiopia,ETH,"Fertility rate, total (births per woman)",SP.DYN.TFRT.IN,6.407,6.262,6.112,5.961,5.812,5.667,5.526,5.39,5.26,5.136,5.017,4.901,4.787,4.675,4.565,4.456,4.35,4.247,4.146,..
Ethiopia,ETH,"Foreign direct investment, net inflows (BoP, current US$)",BX.KLT.DINV.CD.WD,349399999.9,255000000,465000000,545100000,265111675.5,545257102.2,222000573,108537544,221459581.4,288271568.3,628624806,278562822.2,1343876024,1855052154,2626517918,4142937496,4017159565,3360419369,2548743427,2395799881
Ethiopia,ETH,Forest area (sq. km),AG.LND.FRST.K2,184555,183825,183095,182365,181635,180905,180175,179445,178715,177985,177255,176525,175795,175065,174335,173605,172875,172145,171415,170685
Ethiopia,ETH,GDP (current US$),NY.GDP.MKTP.CD,8231326016,7850809498,8623691300,10131187261,12401139454,15280861835,19707616773,27066912635,32437389116,29933790334,31952763089,43310721414,47648211133,55612228234,64589334979,74296618481,81770791971,84269348327,95912590628,107645054312
Ethiopia,ETH,GDP growth (annual %),NY.GDP.MKTP.KD.ZG,8.301306321,1.514725706,-2.161359722,13.57260314,11.81876595,10.83472707,11.456167,10.78852169,8.802553198,12.55053835,11.17829623,8.647811633,10.58227005,10.25749296,10.39246302,9.433482658,9.564189643,6.816147797,8.364085699,6.056617792
Ethiopia,ETH,"GNI per capita, Atlas method (current US$)",NY.GNP.PCAP.CD,130,120,110,140,160,180,220,280,340,380,390,410,470,550,600,670,740,800,850,890
Ethiopia,ETH,"GNI per capita, PPP (current international $)",NY.GNP.PCAP.PP.CD,520,520,500,570,640,710,790,870,930,1020,1130,1210,1280,1510,1650,1870,2010,2140,2300,2410
Ethiopia,ETH,"GNI, Atlas method (current US$)",NY.GNP.ATLS.CD,8565169694,8244554537,8231634992,10032643823,12291510934,14407106797,17783871681,23011340075,28930389371,33247716570,35237153540,38143234739,44574863494,53613560417,60070079523,68942747989,78378593590,86862198769,94972317027,102666247648
Ethiopia,ETH,"GNI, PPP (current international $)",NY.GNP.MKTP.PP.CD,35172862662,36248494909,36093154300,42154715214,48770743846,55711548425,63968631878,72249612442,79048767483,89796448912,102066933556,112283157656,122160005500,148077638929,166439908211,194015690749,213816795463,234218235015,257906028372,277027105008
Ethiopia,ETH,Gross capital formation (% of GDP),NE.GDI.TOTL.ZS,0,0,0,0,0,0,0,0,0,0,32.10766647,37.09796197,34.08111832,37.9937253,40.67127298,37.3487737,38.44398637,34.72881719,35.26398392,30.75215397
Ethiopia,ETH,High-technology exports (% of manufactured exports),TX.VAL.TECH.MF.ZS,..,..,..,..,..,..,..,6.068792267,5.43459777,4.909817183,2.239753308,3.448878167,1.848849492,9.129798841,6.194386046,6.825015141,5.83079826,13.64514974,9.423392384,13.09560897
Ethiopia,ETH,"Immunization, measles (% of children ages 12-23 months)",SH.IMM.MEAS,35,36,35,35,40,44,49,54,59,64,68,62,55,54,56,57,59,55,58,..
Ethiopia,ETH,Imports of goods and services (% of GDP),NE.IMP.GNFS.ZS,..,..,..,..,..,..,..,..,..,..,31.54608221,31.63060598,28.98771352,29.09946424,30.29281055,27.0869723,23.47426268,22.82669908,20.8753244,16.92859867
Ethiopia,ETH,Income share held by lowest 20%,SI.DST.FRST.20,..,..,..,9.4,..,..,..,..,..,8,..,..,..,..,7.3,..,..,..,..,..
Ethiopia,ETH,"Industry (including construction), value added (% of GDP)",NV.IND.TOTL.ZS,11.92792946,12.74027964,12.89950222,12.68554034,11.78883353,11.59231605,11.58949667,10.20685429,9.683480443,9.435128138,9.664642193,9.476137965,10.94455699,13.47132451,16.29779364,21.9325682,23.58190618,27.30570214,24.82236751,23.10501969
Ethiopia,ETH,"Inflation, GDP deflator (annual %)",NY.GDP.DEFL.KD.ZG,-5.75533534,-3.621434213,12.76797833,3.911362456,9.875511911,11.5523498,17.22057948,30.31167308,24.14641529,1.444572317,20.06187508,33.54140502,4.901979299,10.98178829,10.83654278,10.39792554,6.676855083,12.38229481,12.86039682,18.24389172
Ethiopia,ETH,"Life expectancy at birth, total (years)",SP.DYN.LE00.IN,52.595,53.349,54.211,55.174,56.223,57.334,58.467,59.581,60.645,61.627,62.505,63.281,63.961,64.547,65.048,65.482,65.872,66.24,66.597,..
Ethiopia,ETH,Merchandise trade (% of GDP),TG.VAL.TOTL.GD.ZS,27.52897887,26.41765796,36.89835233,35.06005672,40.30274813,40.90083444,35.95564132,36.49843679,28.62745817,36.52060056,36.83875466,35.28687471,31.5751623,33.50342288,30.37033901,25.86658773,22.97030461,21.37075978,18.03204343,15.21017394
Ethiopia,ETH,Military expenditure (% of GDP),MS.MIL.XPND.GD.ZS,4.349020778,3.719388099,3.238842734,3.072650407,2.761551436,2.266537384,1.86327402,1.489809217,1.184802596,1.133586485,1.090707444,0.8683620904,0.8064171174,0.7684111005,0.7054138681,0.6954621772,0.6663692173,0.6390152803,0.5877399441,0.4811461292
Ethiopia,ETH,Mobile cellular subscriptions (per 100 people),IT.CEL.SETS.P2,0.040346586,0.071809949,0.071114846,0.209503013,0.53785179,1.104228268,1.497995373,2.357230764,4.753627819,7.820633062,15.6719216,22.13367446,26.88750898,31.08234717,41.96106195,49.44236323,37.2180717,..,..,..
Ethiopia,ETH,"Mortality rate, under-5 (per 1,000 live births)",SH.DYN.MORT,134.6,128.3,121.8,115.3,108.9,102.8,97,91.6,86.7,82,77.7,73.5,69.6,65.9,62.4,59,55.9,53.2,50.8,48.7
Ethiopia,ETH,Net barter terms of trade index (2000 = 100),TT.PRI.MRCH.XD.WD,91.37346395,93.37208946,97.72576899,102.0899358,108.2917454,109.2770166,116.0795014,116.1150672,123.9435908,134.2548351,143.1219909,137.272837,131.0612222,141.2917469,137.9985735,145.9307234,140.7297714,128.6298917,127.8915749,132.5351829
Ethiopia,ETH,Net migration,SM.POP.NETM,..,-150001,..,..,..,..,-50132,..,..,..,..,399997,..,..,..,..,150002,..,..,..
Ethiopia,ETH,Net official development assistance and official aid received (current US$),DT.ODA.ALLD.CD,1103599976,1324739990,1621160034,1830300049,1929119995,2034550049,2606550049,3316250000,3823760010,3455159912,3495889893,3243290039,3885540039,3583959961,3238889893,4084370117,4124750000,4941029785,4809970215,..
Ethiopia,ETH,"Personal remittances, received (current US$)",BX.TRF.PWKR.CD.DT,18313718.17,32986894.42,46470192.46,133742806.2,173519405.7,172153314,357838225,386696265.8,261601951.5,436143876.3,538339894.7,624360669.9,833031317,1796377787,1086986751,772235946.6,393379170,436325463.1,479624165.3,404088319.9
Ethiopia,ETH,Population density (people per sq. km of land area),EN.POP.DNST,68.159422,70.14209,72.170581,65.74147979,67.60392119,69.50164533,71.43828084,73.42449993,75.47694423,77.60876667,79.82579027,82.11673049,84.47108329,86.86865779,89.29236835,91.74098154,94.21926014,96.71865074,99.24615983,101.8007113
Ethiopia,ETH,Population growth (annual %),SP.POP.GROW,2.879425139,2.867363938,2.850945567,2.826396381,2.798323914,2.768139897,2.745949471,2.741029927,2.756861848,2.783756927,2.812613737,2.829627968,2.827014885,2.799924688,2.756111616,2.708072653,2.663414482,2.619969171,2.579697088,2.541386464
Ethiopia,ETH,"Population, total",SP.POP.TOTL,68159422,70142090,72170581,74239508,76346310,78489205,80674343,82916236,85233923,87639962,90139928,92726982,95385793,98094264,100835453,103603461,106399926,109224410,112078727,114963583
Ethiopia,ETH,Poverty headcount ratio at $1.90 a day (2011 PPP) (% of population),SI.POV.DDAY,..,..,..,38.5,..,..,..,..,..,35.6,..,..,..,..,30.8,..,..,..,..,..
Ethiopia,ETH,Poverty headcount ratio at national poverty lines (% of population),SI.POV.NAHC,..,..,..,38.7,..,..,..,..,..,29.6,..,..,..,..,23.5,..,..,..,..,..
Ethiopia,ETH,"Prevalence of HIV, total (% of population ages 15-49)",SH.DYN.AIDS.ZS,2.4,2.2,2.1,1.9,1.8,1.7,1.6,1.5,1.4,1.4,1.3,1.3,1.2,1.2,1.1,1.1,1,1,0.9,0.9
Ethiopia,ETH,"Prevalence of underweight, weight for age (% of children under 5)",SH.STA.MALN.ZS,..,..,..,..,34.3,..,..,..,..,..,29.2,..,..,26.5,..,23.5,..,..,21.1,..
Ethiopia,ETH,"Primary completion rate, total (% of relevant age group)",SE.PRM.CMPT.ZS,27.74431038,31.60784912,34.92633057,37.69916916,43.46147919,47.19113922,47.29251862,49.45278931,51.35950851,57.70273972,52.54763031,50.30796814,53.32957077,53.38832855,54.11090088,61.57915115,63.68955994,..,67.74021149,68.08428955
Ethiopia,ETH,"Revenue, excluding grants (% of GDP)",GC.REV.XGRT.GD.ZS,11.77992272,12.75484136,13.06429328,11.90404638,10.93646474,8.871432405,8.267382601,10.14310018,9.401886355,10.76183752,10.87647408,11.07044066,10.44028758,9.737452986,9.943344344,9.358219992,9.444828163,8.973363668,7.7882248,..
Ethiopia,ETH,"School enrollment, primary (% gross)",SE.PRM.ENRR,60.58218002,63.79333878,65.08451843,67.91499329,79.0526123,83.22889709,89.07444,94.75041199,93.42681885,91.65653229,94.27971649,94.26506042,..,99.25276184,100.971489,..,..,..,..,119.402977
Ethiopia,ETH,"School enrollment, primary and secondary (gross), gender parity index (GPI)",SE.ENR.PRSC.FM.ZS,0.6875699759,0.6977499723,0.6998900175,0.7350900173,0.7827100158,0.8142499924,0.836409986,0.862770021,0.8921800256,0.9012500048,0.9122499824,0.922720015,..,..,0.9214599729,..,..,..,..,..
Ethiopia,ETH,"School enrollment, secondary (% gross)",SE.SEC.ENRR,16.44326019,18.74282074,19.70783997,22.19964027,25.10318947,29.22883987,32.29912186,33.40739059,33.59592819,34.83549118,36.00415039,37.57714081,..,..,34.93946838,..,..,..,..,..
Ethiopia,ETH,Statistical Capacity Score (Overall Average) (scale 0 - 100),IQ.SCI.OVRL,..,..,..,66.66666667,67.77777778,64.44444444,67.77777778,78.88888889,80,80,73.33333333,65.55555556,66.66666667,61.11111111,68.8889,70.00003333,70.00003333,62.22223333,61.1111,47.77776667
Ethiopia,ETH,Surface area (sq. km),AG.SRF.TOTL.K2,1104300,1104300,1104300,1136268.641,1136271.43,1136271.646,1136266.279,1136264.348,1136263.489,1136264.131,1136264.777,1136265.636,1136262.415,1136262.415,1136260.912,1136257.692,1136255.762,1136259.41,..,..
Ethiopia,ETH,Tax revenue (% of GDP),GC.TAX.TOTL.GD.ZS,8.083871673,9.709831679,9.116895507,9.680762203,8.724416385,8.262845855,7.812529666,7.814144254,6.581181381,8.16344108,9.209358617,9.377594715,8.764725377,8.811955393,8.351338267,8.087065533,7.603929229,7.519920423,6.661741322,..
Ethiopia,ETH,Terrestrial and marine protected areas (% of total territorial area),ER.PTD.TOTL.ZS,..,..,..,..,..,..,..,..,..,..,..,..,..,..,..,18.47495203,18.47496031,18.47496031,..,..
Ethiopia,ETH,Time required to start a business (days),IC.REG.DURS,..,..,47,35,35,19,19,19,20,20,40,40,39,39,35,35,33,32,32,..
Ethiopia,ETH,"Total debt service (% of exports of goods, services and primary income)",DT.TDS.DECT.EX.ZS,18.4504183,7.955623162,7.262311961,5.626575858,4.476382405,5.928482005,4.655299648,2.928923728,2.787941029,3.854840302,5.889198759,7.134196316,10.70359201,11.87005853,18.29261287,20.93499044,22.23553301,21.49178842,28.28839162,25.84835878
Ethiopia,ETH,Urban population growth (annual %),SP.URB.GROW,4.140101024,4.138804925,4.112959857,4.085577704,4.05459517,4.027689706,4.1015815,5.156403082,5.150746526,5.173659618,5.186204765,5.197758315,5.086535939,5.051635482,4.994275467,4.937514135,4.873777271,4.825886034,4.780416566,4.731593022
South Sudan,SSD,"Adolescent fertility rate (births per 1,000 women ages 15-19)",SP.ADO.TFRT,121.8664,119.88,115.5712,111.2624,106.9536,102.6448,98.336,94.2836,90.2312,86.1788,82.1264,78.074,74.8672,71.6604,68.4536,65.2468,62.04,59.4332,56.8264,..
South Sudan,SSD,"Agriculture, forestry, and fishing, value added (% of GDP)",NV.AGR.TOTL.ZS,..,..,..,..,..,..,..,4.195442824,5.22004161,5.293793483,4.676936817,6.176132174,9.635809346,7.596508444,10.35502745,9.652676785,8.704850728,9.058395931,10.22011853,9.575404638
South Sudan,SSD,"Annual freshwater withdrawals, total (% of internal resources)",ER.H2O.FWTL.ZS,..,..,..,..,..,..,..,..,..,..,..,2.530769231,..,..,..,..,2.530769231,..,..,..
South Sudan,SSD,Births attended by skilled health staff (% of total),SH.STA.BRTC.ZS,..,..,..,..,..,9.7,..,..,..,19.4,..,..,..,..,..,..,..,..,..,..
South Sudan,SSD,CO2 emissions (metric tons per capita),EN.ATM.CO2E.PC,0,0,0,0,0,0,0,0,0,0,0,0.1404043328,0.1400285658,0.1449566182,0.1838431372,0.1597042978,0.1393118398,0.1257297336,..,..
South Sudan,SSD,"Contraceptive prevalence, any method (% of married women ages 15-49)",SP.DYN.CONU.ZS,..,..,..,..,..,3.5,..,..,..,4,..,..,..,..,..,..,..,..,..,..
South Sudan,SSD,Domestic credit provided by financial sector (% of GDP),FS.AST.DOMS.GD.ZS,..,..,..,..,..,..,..,..,..,..,..,..,..,..,..,..,..,..,..,..
South Sudan,SSD,Electric power consumption (kWh per capita),EG.USE.ELEC.KH.PC,..,..,..,..,..,..,..,..,..,..,..,41.42916582,42.974284,43.58172834,..,..,..,..,..,..
South Sudan,SSD,Energy use (kg of oil equivalent per capita),EG.USE.PCAP.KG.OE,..,..,..,..,..,..,..,..,..,..,..,63.66970652,65.39334024,66.34200174,..,..,..,..,..,..
South Sudan,SSD,Exports of goods and services (% of GDP),NE.EXP.GNFS.ZS,..,..,..,..,..,..,..,66.02706011,60.31431413,61.43448282,66.07612038,42.83205236,9.740757859,38.39161729,36.65134928,..,..,..,..,..
South Sudan,SSD,"External debt stocks, total (DOD, current US$)",DT.DOD.DECT.CD,..,..,..,..,..,..,..,..,..,..,..,..,..,..,..,..,..,..,..,..
South Sudan,SSD,"Fertility rate, total (births per woman)",SP.DYN.TFRT.IN,6.139,6.054,5.969,5.885,5.803,5.721,5.638,5.552,5.465,5.376,5.286,5.197,5.108,5.022,4.937,4.855,4.775,4.696,4.619,..
South Sudan,SSD,"Foreign direct investment, net inflows (BoP, current US$)",BX.KLT.DINV.CD.WD,..,..,..,..,..,..,..,..,..,..,..,161000000,-793000000,1035825.73,150000,-7850000,1420000,60140000,-2210000,17500000
South Sudan,SSD,Forest area (sq. km),AG.LND.FRST.K2,..,..,..,..,..,..,..,..,..,71570,71570,71570,71570,71570,71570,71570,71570,71570,71570,71570
South Sudan,SSD,GDP (current US$),NY.GDP.MKTP.CD,..,..,..,..,..,..,..,14586253383,12231264525,14602072411,14907308933,11931472169,18426469017,13962212847,11997800760,..,..,..,..,..
South Sudan,SSD,GDP growth (annual %),NY.GDP.MKTP.KD.ZG,..,..,..,..,..,..,..,..,5.04164188,5.493416395,-4.640316736,-46.08212237,13.12973114,3.373648477,-10.79336463,..,..,..,..,..
South Sudan,SSD,"GNI per capita, Atlas method (current US$)",NY.GNP.PCAP.CD,..,..,..,..,..,..,..,..,..,..,810,850,1160,1250,1090,..,..,..,..,..
South Sudan,SSD,"GNI per capita, PPP (current international $)",NY.GNP.PCAP.PP.CD,..,..,..,..,..,..,..,..,..,..,1630,1460,1980,1280,1080,..,..,..,..,..
South Sudan,SSD,"GNI, Atlas method (current US$)",NY.GNP.ATLS.CD,..,..,..,..,..,..,..,..,..,..,7921679353,8584908542,12051428874,13158858190,11669229567,..,..,..,..,..
South Sudan,SSD,"GNI, PPP (current international $)",NY.GNP.MKTP.PP.CD,..,..,..,..,..,..,..,..,..,..,16038626935,14790639636,20542512086,13514791884,11604302037,..,..,..,..,..
South Sudan,SSD,Gross capital formation (% of GDP),NE.GDI.TOTL.ZS,..,..,..,..,..,..,..,13.76998753,13.65213098,10.28965508,9.488777068,7.074252837,11.36777383,7.99450883,5.750756372,..,..,..,..,..
South Sudan,SSD,High-technology exports (% of manufactured exports),TX.VAL.TECH.MF.ZS,..,..,..,..,..,..,..,..,..,..,..,..,..,..,..,..,..,..,..,..
South Sudan,SSD,"Immunization, measles (% of children ages 12-23 months)",SH.IMM.MEAS,..,..,..,..,..,..,..,..,..,..,62,60,58,55,53,51,50,49,49,..
South Sudan,SSD,Imports of goods and services (% of GDP),NE.IMP.GNFS.ZS,..,..,..,..,..,..,..,31.23923721,34.52144996,29.50896555,27.15073938,28.78775904,41.07048873,26.24290051,28.8999999,..,..,..,..,..
South Sudan,SSD,Income share held by lowest 20%,SI.DST.FRST.20,..,..,..,..,..,..,..,..,3.9,..,..,..,..,..,..,..,..,..,..,..
South Sudan,SSD,"Industry (including construction), value added (% of GDP)",NV.IND.TOTL.ZS,..,..,..,..,..,..,..,59.18684062,59.27782774,61.14369966,61.22564324,51.15029222,22.22482785,46.69940073,33.0945354,32.84757371,34.02558339,41.76938307,44.08813486,36.88917743
South Sudan,SSD,"Inflation, GDP deflator (annual %)",NY.GDP.DEFL.KD.ZG,..,..,..,..,..,..,..,..,-11.82932954,12.92640243,38.83334297,46.50690476,36.5121585,-26.70028458,17.68933214,..,..,..,..,..
South Sudan,SSD,"Life expectancy at birth, total (years)",SP.DYN.LE00.IN,49.592,50.05,50.55,51.095,51.686,52.315,52.96,53.6,54.219,54.8,55.325,55.791,56.2,56.552,56.855,57.12,57.365,57.604,57.846,..
South Sudan,SSD,Merchandise trade (% of GDP),TG.VAL.TOTL.GD.ZS,..,..,..,..,..,..,..,..,..,..,..,..,..,..,..,..,..,..,..,..
South Sudan,SSD,Military expenditure (% of GDP),MS.MIL.XPND.GD.ZS,..,..,..,..,..,..,..,5.761289033,4.968462633,4.140632543,6.094415322,8.771124113,6.572757484,8.619559859,10.56146145,4.601531486,2.354537758,3.649892575,3.55818489,..
South Sudan,SSD,Mobile cellular subscriptions (per 100 people),IT.CEL.SETS.P2,..,..,..,..,..,..,..,..,..,15.77558453,18.30998996,22.74154462,27.55401599,27.24897867,27.05386827,24.92495281,25.56130126,17.45870759,20.08628008,..
South Sudan,SSD,"Mortality rate, under-5 (per 1,000 live births)",SH.DYN.MORT,172.1,163.4,155.1,147.3,139.7,132.7,126.1,119.9,114,108.4,103.5,100,98.3,97.9,97.9,97.9,97.9,97.9,97.9,97.9
South Sudan,SSD,Net barter terms of trade index (2000 = 100),TT.PRI.MRCH.XD.WD,..,..,..,..,..,..,..,..,..,..,..,..,..,..,..,..,..,..,..,..
South Sudan,SSD,Net migration,SM.POP.NETM,..,432000,..,..,..,..,846611,..,..,..,..,-100000,..,..,..,..,-870998,..,..,..
South Sudan,SSD,Net official development assistance and official aid received (current US$),DT.ODA.ALLD.CD,..,..,..,..,..,..,..,..,..,..,435829986.6,1186260010,1399300049,1964119995,1674829956,1587030029,2183239990,1577500000,1885270020,..
South Sudan,SSD,"Personal remittances, received (current US$)",BX.TRF.PWKR.CD.DT,..,..,..,..,0,0,0,0,0,0,0,0,0,1985610.2,1138720000,1083000000,633830000,1267160000,80440000,86510000
South Sudan,SSD,Population density (people per sq. km of land area),EN.POP.DNST,..,..,..,..,..,..,..,..,..,..,15.55542855,16.00327345,16.38524749,16.70189329,16.9563013,17.14155227,17.26541057,17.36894371,17.50533581,17.71361108
South Sudan,SSD,Population growth (annual %),SP.POP.GROW,3.928572358,3.661092603,3.632842202,3.925709079,4.374835081,4.811753396,5.027851545,4.94806677,4.534830261,3.926527277,3.333695991,2.837616522,2.358659319,1.911610971,1.511744126,1.084677797,0.719802049,0.5953405345,0.7821970309,1.182759371
South Sudan,SSD,"Population, total",SP.POP.TOTL,6447791,6688225,6935665,7213354,7535931,7907407,8315144,8736932,9142258,9508372,9830695,10113648,10355030,10554882,10715657,10832520,10910774,10975924,11062114,11193729
South Sudan,SSD,Poverty headcount ratio at $1.90 a day (2011 PPP) (% of population),SI.POV.DDAY,..,..,..,..,..,..,..,..,44.7,..,..,..,..,..,..,76.4,..,..,..,..
South Sudan,SSD,Poverty headcount ratio at national poverty lines (% of population),SI.POV.NAHC,..,..,..,..,..,..,..,..,..,..,..,..,..,..,..,76.4,..,..,..,..
South Sudan,SSD,"Prevalence of HIV, total (% of population ages 15-49)",SH.DYN.AIDS.ZS,2.2,2.2,2.2,2.2,2.2,2.2,2.2,2.2,2.2,2.2,2.1,2.1,2.1,2.2,2.2,2.2,2.2,2.3,2.3,2.3
South Sudan,SSD,"Prevalence of underweight, weight for age (% of children under 5)",SH.STA.MALN.ZS,..,..,..,..,..,32.5,..,..,..,27.7,..,..,..,..,..,..,..,..,..,..
South Sudan,SSD,"Primary completion rate, total (% of relevant age group)",SE.PRM.CMPT.ZS,..,..,..,..,..,..,..,..,..,..,27.43708992,..,..,..,..,..,..,..,..,..
South Sudan,SSD,"Revenue, excluding grants (% of GDP)",GC.REV.XGRT.GD.ZS,..,..,..,..,..,..,..,..,..,..,..,..,..,..,..,..,..,..,..,..
South Sudan,SSD,"School enrollment, primary (% gross)",SE.PRM.ENRR,..,..,..,..,..,..,..,..,..,..,90.05068207,..,..,..,72.98990631,..,..,..,..,..
South Sudan,SSD,"School enrollment, primary and secondary (gross), gender parity index (GPI)",SE.ENR.PRSC.FM.ZS,..,..,..,..,..,..,..,..,..,..,0.6471400261,..,..,..,0.6853899956,..,..,..,..,..
South Sudan,SSD,"School enrollment, secondary (% gross)",SE.SEC.ENRR,..,..,..,..,..,..,..,..,..,..,9.688619614,..,..,..,11.00998974,..,..,..,..,..
South Sudan,SSD,Statistical Capacity Score (Overall Average) (scale 0 - 100),IQ.SCI.OVRL,..,..,..,..,..,..,..,..,..,..,..,..,26.11111111,29.44444444,34.44446667,37.7778,43.33333333,42.22223333,45.55556667,43.3333
South Sudan,SSD,Surface area (sq. km),AG.SRF.TOTL.K2,..,..,..,..,..,..,..,..,..,..,633906.795,633906.895,633906.643,633907.381,633907.382,633906.659,633906.955,633906.576,..,..
South Sudan,SSD,Tax revenue (% of GDP),GC.TAX.TOTL.GD.ZS,..,..,..,..,..,..,..,..,..,..,..,..,..,..,..,..,..,..,..,..
South Sudan,SSD,Terrestrial and marine protected areas (% of total territorial area),ER.PTD.TOTL.ZS,..,..,..,..,..,..,..,..,..,..,..,..,..,..,..,15.50158188,15.50150125,15.50150125,..,..
South Sudan,SSD,Time required to start a business (days),IC.REG.DURS,..,..,..,..,..,..,..,..,..,..,..,14,14,14,14,14,13,13,13,..
South Sudan,SSD,"Total debt service (% of exports of goods, services and primary income)",DT.TDS.DECT.EX.ZS,..,..,..,..,..,..,..,..,..,..,..,..,..,..,..,..,..,..,..,..
South Sudan,SSD,Urban population growth (annual %),SP.URB.GROW,4.701218087,4.43364109,4.405479897,4.704147068,5.141487383,5.5840291,5.794298219,5.720029543,5.363084243,4.820762694,4.292152639,3.858324916,3.439717633,3.050873221,2.717832914,2.349713474,2.04140048,1.976223659,2.21970692,2.679110035
Sudan,SDN,"Adolescent fertility rate (births per 1,000 women ages 15-19)",SP.ADO.TFRT,118.1832,120.013,118.0844,116.1558,114.2272,112.2986,110.37,104.2976,98.2252,92.1528,86.0804,80.008,76.805,73.602,70.399,67.196,63.993,60.796,57.599,..
Sudan,SDN,"Agriculture, forestry, and fishing, value added (% of GDP)",NV.AGR.TOTL.ZS,35.78077462,37.66274226,38.41661101,34.00607686,33.19992047,31.82010796,35.66751437,36.18316332,33.50668057,31.85222111,27.84769347,33.77462417,29.60763646,32.62427082,31.55645133,22.97758142,21.23054031,21.99347316,20.16401535,20.35627523
Sudan,SDN,"Annual freshwater withdrawals, total (% of internal resources)",ER.H2O.FWTL.ZS,..,..,..,..,..,..,..,..,..,..,..,673.375,..,..,..,..,673.375,..,..,..
Sudan,SDN,Births attended by skilled health staff (% of total),SH.STA.BRTC.ZS,..,..,..,..,..,49.2,..,..,..,72.5,..,..,..,77.7,..,..,..,..,..,..
Sudan,SDN,CO2 emissions (metric tons per capita),EN.ATM.CO2E.PC,0.217724902,0.2626739666,0.263063951,0.2816557479,0.3250454918,0.3929021903,0.4147015853,0.4388877671,0.4434080628,0.4594005954,0.4342331172,0.4202379409,0.3911249171,0.4036583931,0.4575488726,0.5139603347,0.4983657572,0.4832358776,..,..
Sudan,SDN,"Contraceptive prevalence, any method (% of married women ages 15-49)",SP.DYN.CONU.ZS,..,..,..,..,..,9.5,..,..,..,9.1,..,..,..,12.8,..,..,..,..,..,..
Sudan,SDN,Domestic credit provided by financial sector (% of GDP),FS.AST.DOMS.GD.ZS,..,..,..,..,..,..,..,..,..,..,..,..,..,..,..,..,..,..,..,..
Sudan,SDN,Electric power consumption (kWh per capita),EG.USE.ELEC.KH.PC,66.78327045,78.14027946,82.55116501,83.2059401,98.28910399,109.7852101,118.7863557,130.032978,150.0128212,175.1627601,190.0441747,211.1412455,213.8509202,256.7562291,..,..,..,..,..,..
Sudan,SDN,Energy use (kg of oil equivalent per capita),EG.USE.PCAP.KG.OE,498.2995828,527.1309809,499.2817675,486.6490707,483.9738356,508.1577107,480.8005063,478.1883971,484.0650005,483.6921183,471.2163133,395.6589393,394.6062255,394.6396693,..,..,..,..,..,..
Sudan,SDN,Exports of goods and services (% of GDP),NE.EXP.GNFS.ZS,10.90846237,11.92295558,12.77754728,14.45393395,14.61406483,15.29282278,17.12210343,20.53111545,21.76599592,20.35442616,15.74121322,12.07008767,11.68602,0.6700147674,0.7303668169,0.7129922101,0.6643617957,0.6111680563,0.6305741473,0.4357651819
Sudan,SDN,"External debt stocks, total (DOD, current US$)",DT.DOD.DECT.CD,15010981050,16131307065,17322489066,18376488692,17579077748,18486143553,19796609171,20335215853,21112640260,22322844219,21180844800,21822049522,22500007302,21773895616,21401429541,21091694447,21700605590,21529048700,22264288833,22953534424
Sudan,SDN,"Fertility rate, total (births per woman)",SP.DYN.TFRT.IN,5.402,5.334,5.268,5.204,5.143,5.085,5.03,4.977,4.926,4.876,4.824,4.771,4.715,4.656,4.594,4.532,4.469,4.407,4.347,..
Sudan,SDN,"Foreign direct investment, net inflows (BoP, current US$)",BX.KLT.DINV.CD.WD,574000000,713180000,1349190000,1511070000,1561689997,1841833814,1504379838,1653120315,1726298403,2063730998,1734376994,2311460740,1687884179,1251280889,1728373403,1063767535,1065298481,1135787164,825354992.3,716939710.6
Sudan,SDN,Forest area (sq. km),AG.LND.FRST.K2,..,..,..,..,..,..,..,..,..,200811.7,199069.22,197326.74,195584.26,193841.78,192099.3,190481.9,188760.3,187038.7,185317.1,183595.5
Sudan,SDN,GDP (current US$),NY.GDP.MKTP.CD,15716489370,18136839087,21355576673,26645490675,35182105414,45264519503,59440139775,64831935604,51621044077,58962978034,55018567211,37632919967,43024018082,49516748618,51726758677,42630376000,41283617976,30964349685,26155799325,21329109522
Sudan,SDN,GDP growth (annual %),NY.GDP.MKTP.KD.ZG,6.500360421,6.006471536,6.288808161,5.140888518,5.643515513,6.531411747,5.735274237,3.846744731,-2.767704366,3.858241952,-3.213532093,-17.0046884,1.955144633,4.661379542,1.910176891,3.467642184,0.7092562848,-2.68093055,-2.178251045,-3.629805626
Sudan,SDN,"GNI per capita, Atlas method (current US$)",NY.GNP.PCAP.CD,370,430,520,620,760,930,1170,1370,1340,1260,1280,1140,1080,1150,1220,1180,1050,840,690,530
Sudan,SDN,"GNI per capita, PPP (current international $)",NY.GNP.PCAP.PP.CD,2700,2810,2960,3110,3310,3510,3730,3810,3700,3620,3930,3600,3590,4340,4330,4660,4410,4210,4080,3860
Sudan,SDN,"GNI, Atlas method (current US$)",NY.GNP.ATLS.CD,12896550079,15126576013,18896005838,23278563379,29248418117,36744554059,47537135306,57456274011,57608797747,55407998843,51489031701,41279323893,40029645367,43851218697,47421486583,47072397103,42957144540,35221858674,29534214202,23381005494
Sudan,SDN,"GNI, PPP (current international $)",NY.GNP.MKTP.PP.CD,92898613575,99423245038,107908445633,116382066849,127243901955,138750420521,151687859658,159156680250,158674953066,159677404443,158104726209,130339540706,133036641534,164924996240,168635354599,185703607001,180187070157,176100493883,174704511943,169108261401
Sudan,SDN,Gross capital formation (% of GDP),NE.GDI.TOTL.ZS,24.38937382,25.61928881,26.22330614,28.0490546,28.46358891,29.03853553,27.03018555,26.22177362,27.64457862,25.2580551,21.6883721,24.59938083,26.65781762,34.84551591,37.05884844,35.53379887,39.54908178,36.71006393,35.80423854,31.92745139
Sudan,SDN,High-technology exports (% of manufactured exports),TX.VAL.TECH.MF.ZS,..,..,..,..,..,..,3.17E-06,0.100655282,0.003437606143,0.2029062817,1.383892849,..,..,..,..,..,..,..,..,..
Sudan,SDN,"Immunization, measles (% of children ages 12-23 months)",SH.IMM.MEAS,58,58,65,67,69,73,79,79,82,90,87,85,85,86,87,86,90,88,90,..
Sudan,SDN,Imports of goods and services (% of GDP),NE.IMP.GNFS.ZS,10.73282776,14.21597877,14.18769395,16.13194568,21.41276956,21.10766832,17.50280204,17.60808899,22.57837309,23.30457145,13.84695705,16.05357252,14.45615949,0.7077821952,0.7706290994,0.742996418,0.7980227462,0.6838854961,0.5882711599,0.3488656394
Sudan,SDN,Income share held by lowest 20%,SI.DST.FRST.20,..,..,..,..,..,..,..,..,6.8,..,..,..,..,7.8,..,..,..,..,..,..
Sudan,SDN,"Industry (including construction), value added (% of GDP)",NV.IND.TOTL.ZS,19.53811544,20.7757914,19.84131025,21.4151752,21.97634626,22.97786131,26.32852359,28.20733964,25.65087316,21.14204692,20.3300649,17.61752668,20.23674556,18.10049606,16.07121074,17.35460571,16.61740797,20.7757619,21.73630133,23.36883939
Sudan,SDN,"Inflation, GDP deflator (annual %)",NY.GDP.DEFL.KD.ZG,21.13399117,10.80123523,9.799924104,17.27399792,18.05440287,7.652254305,15.30662148,8.891016613,1.862131893,22.66941921,26.32834997,30.12859314,36.42862912,34.06698552,14.02255744,20.68558773,34.62237073,55.97532544,51.97889335,115.2777685
Sudan,SDN,"Life expectancy at birth, total (years)",SP.DYN.LE00.IN,58.859,59.258,59.67,60.092,60.525,60.969,61.422,61.879,62.33,62.764,63.171,63.542,63.875,64.169,64.429,64.663,64.881,65.095,65.311,..
Sudan,SDN,Merchandise trade (% of GDP),TG.VAL.TOTL.GD.ZS,23.26855517,24.23244745,25.39851807,29.47215383,32.91730231,30.33501769,29.70046852,32.42692017,34.76876596,36.37706357,35.3135332,35.33076894,34.18555648,27.38669315,24.50955816,26.75322404,32.05629896,36.58400746,49.80157493,63.95485
Sudan,SDN,Military expenditure (% of GDP),MS.MIL.XPND.GD.ZS,2.944044911,3.273800351,2.256184394,5.782620161,4.39231199,4.600271343,5.28804642,4.978932323,5.453930314,..,..,..,..,..,2.655921816,2.65023238,3.507166087,1.783457419,1.644621089,1.131725699
Sudan,SDN,Mobile cellular subscriptions (per 100 people),IT.CEL.SETS.P2,0.30171236,0.53902743,1.448593733,2.801567744,4.749691364,11.83527483,20.20390523,28.68925131,35.73563389,52.37581181,70.88093666,76.41808263,74.60472776,73.19201515,71.81590856,69.78439192,70.18317784,72.00791416,77.11203717,80.26408427
Sudan,SDN,"Mortality rate, under-5 (per 1,000 live births)",SH.DYN.MORT,100.9,97.4,94.2,91,88.1,85.3,82.7,80.2,77.9,75.7,73.7,71.7,69.8,67.9,65.9,63.9,62,60.1,58.4,56.6
Sudan,SDN,Net barter terms of trade index (2000 = 100),TT.PRI.MRCH.XD.WD,91.79044688,90.05345425,100.5147098,117.0649438,153.1520323,173.32622,180.7635832,225.9005752,165.9004761,198.356572,244.3460943,236.6524508,224.1805823,230.4954219,178.5638118,171.8747057,192.2921781,188.8592102,200.956828,207.5918715
Sudan,SDN,Net migration,SM.POP.NETM,..,-546005,..,..,..,..,-982687,..,..,..,..,-538145,..,..,..,..,-250001,..,..,..
Sudan,SDN,Net official development assistance and official aid received (current US$),DT.ODA.ALLD.CD,192259994.5,304929992.7,620229980.5,994580017.1,1826109985,2048439941,2120590088,2566429932,2352469971,2025849976,1742400024,1369130005,1507329956,874679992.7,969700012.2,809090026.9,862409973.1,967489990.2,1624670044,..
Sudan,SDN,"Personal remittances, received (current US$)",BX.TRF.PWKR.CD.DT,739600000,977690000,1223600000,1402950000,703788385.7,800828762,999710750.1,1590626089,1394395643,1455537377,824220909.3,595843243.8,619508803.4,506556821.9,151392010.5,153411466.3,212936009.9,425214350.6,522317287.8,495355092.5
Sudan,SDN,Population density (people per sq. km of land area),EN.POP.DNST,11.27250897,11.56819802,11.87276207,12.17649633,12.47283664,12.75990177,13.04152028,13.32371508,13.61506215,13.92184434,19.11439197,19.57076596,20.04595656,20.53568497,21.03599785,21.54800278,22.07037546,22.60478579,23.15187997,23.71212932
Sudan,SDN,Population growth (annual %),SP.POP.GROW,2.519978369,2.589285643,2.598709166,2.526068838,2.404564778,2.275436866,2.183055564,2.140740085,2.163115464,2.228245116,2.30259996,2.359808168,2.398962995,2.412107467,2.40720187,2.398795478,2.395242326,2.392257972,2.39143409,2.391071774
Sudan,SDN,"Population, total",SP.POP.TOTL,27971077,28704786,29460517,30214189,30949514,31661824,32360619,33060844,33783779,34545014,35349676,36193781,37072555,37977657,38902948,39847433,40813398,41801532,42813237,43849269
Sudan,SDN,Poverty headcount ratio at $1.90 a day (2011 PPP) (% of population),SI.POV.DDAY,..,..,..,..,..,..,..,..,15.7,..,..,..,..,12.2,..,..,..,..,..,..
Sudan,SDN,Poverty headcount ratio at national poverty lines (% of population),SI.POV.NAHC,..,..,..,..,..,..,..,..,46.5,..,..,..,..,..,..,..,..,..,..,..
Sudan,SDN,"Prevalence of HIV, total (% of population ages 15-49)",SH.DYN.AIDS.ZS,0.2,0.2,0.2,0.2,0.2,0.2,0.2,0.2,0.2,0.2,0.2,0.2,0.2,0.2,0.2,0.2,0.2,0.2,0.2,0.2
Sudan,SDN,"Prevalence of underweight, weight for age (% of children under 5)",SH.STA.MALN.ZS,..,..,..,..,..,27,..,..,..,29.8,..,..,..,33,..,..,..,..,..,..
Sudan,SDN,"Primary completion rate, total (% of relevant age group)",SE.PRM.CMPT.ZS,..,..,..,..,..,..,..,..,..,61.11948013,..,57.54983139,58.09366989,58.2490387,59.24304962,59.83707809,61.68764114,64.08550262,..,..
Sudan,SDN,"Revenue, excluding grants (% of GDP)",GC.REV.XGRT.GD.ZS,..,..,..,..,..,..,..,..,14.34142304,11.43505383,11.30608753,9.412415167,10.27740695,11.04182063,10.31439658,8.774134825,..,..,..,..
Sudan,SDN,"School enrollment, primary (% gross)",SE.PRM.ENRR,59.73646164,59.8157692,61.09540176,62.22172165,63.33871841,67.7927475,67.29325104,72.81980133,72.34951782,71.72598267,69.47705078,70.88316345,72.01493835,72.26756287,73.14597321,75.90737152,76.81606293,78.95290375,..,..
Sudan,SDN,"School enrollment, primary and secondary (gross), gender parity index (GPI)",SE.ENR.PRSC.FM.ZS,0.836049974,0.8757299781,0.8741800189,0.8755900264,0.8919699788,0.8889799714,0.8597400188,0.8765900135,0.8835200071,0.8876399994,0.8930799961,0.8957099915,0.9106000066,0.918290019,0.9348499775,0.946269989,0.9622600079,0.9573299885,..,..
Sudan,SDN,"School enrollment, secondary (% gross)",SE.SEC.ENRR,34.58132172,34.56721115,35.8759613,39.07413101,38.75273895,36.85829926,36.16999054,38.28033829,42.32099152,42.52223969,37.55913162,41.23273849,43.60937119,44.85091019,45.62371063,44.13193893,46.62173843,45.86418915,..,..
Sudan,SDN,Statistical Capacity Score (Overall Average) (scale 0 - 100),IQ.SCI.OVRL,..,..,..,35.55555556,31.11111111,33.33333333,36.66666667,35.55555556,42.22222222,44.44444444,44.44444444,43.33333333,40,43.33333333,51.1111,63.33336667,66.66666667,71.1111,71.1111,54.4445
Sudan,SDN,Surface area (sq. km),AG.SRF.TOTL.K2,..,..,..,..,..,..,..,..,..,..,1854106.888,1854106.027,1854105.341,1854104.772,1854105.787,1854104.915,1854106.923,1854105.405,..,..
Sudan,SDN,Tax revenue (% of GDP),GC.TAX.TOTL.GD.ZS,..,..,..,..,..,..,..,..,6.469484382,5.862474675,3.856210161,6.894406995,7.684016394,7.982317862,8.194438005,7.390270262,..,..,..,..
Sudan,SDN,Terrestrial and marine protected areas (% of total territorial area),ER.PTD.TOTL.ZS,..,..,..,..,..,..,..,..,..,..,..,..,..,..,..,2.753300839,2.753273898,2.753273898,..,..
Sudan,SDN,Time required to start a business (days),IC.REG.DURS,..,..,..,38.5,38.5,38.5,38.5,38.5,36.5,36.5,36.5,36.5,36.5,36.5,36.5,36.5,36.5,34.5,34.5,..
Sudan,SDN,"Total debt service (% of exports of goods, services and primary income)",DT.TDS.DECT.EX.ZS,13.73740005,6.912672176,10.72760502,8.52857957,7.986758113,5.021567145,4.018495953,3.01021836,5.726892357,4.21004682,4.871864112,7.129093239,4.908557485,4.310418073,10.65049262,6.336915253,4.017199606,4.198944981,3.758734679,2.885930557
Sudan,SDN,Urban population growth (annual %),SP.URB.GROW,2.682950743,2.75198816,2.761149595,2.688249456,2.566478494,2.437083719,2.344449201,2.301869286,2.3876577,2.518798048,2.658577575,2.777518444,2.880619432,2.953808775,3.013862647,3.066302092,3.122346286,3.18053196,3.23652867,3.294357846
Eritrea,ERI,"Adolescent fertility rate (births per 1,000 women ages 15-19)",SP.ADO.TFRT,85.49,82.385,81.1238,79.8626,78.6014,77.3402,76.079,72.9266,69.7742,66.6218,63.4694,60.317,58.7642,57.2114,55.6586,54.1058,52.553,50.7028,48.8526,..
Eritrea,ERI,"Agriculture, forestry, and fishing, value added (% of GDP)",NV.AGR.TOTL.ZS,15.1638444,13.60181006,11.82992122,10.6422743,22.60000021,24.5999999,24.26598059,16.77630738,14.12422744,..,..,..,..,..,..,..,..,..,..,..
Eritrea,ERI,"Annual freshwater withdrawals, total (% of internal resources)",ER.H2O.FWTL.ZS,..,17.775,..,..,..,..,20.78571429,..,..,..,..,20.78571429,..,..,..,..,20.78571429,..,..,..
Eritrea,ERI,Births attended by skilled health staff (% of total),SH.STA.BRTC.ZS,..,28.3,..,..,..,..,..,..,..,34.1,..,..,..,..,..,..,..,..,..,..
Eritrea,ERI,CO2 emissions (metric tons per capita),EN.ATM.CO2E.PC,0.29477147,0.2740765133,0.2652854394,0.2500175564,0.2122651772,0.1781914866,0.1701962931,0.1469252464,0.1506448883,0.1577069659,0.180462226,0.193839951,0.1980829834,0.2053484824,0.1944467213,0.195465323,0.2109646535,0.2316962161,..,..
Eritrea,ERI,"Contraceptive prevalence, any method (% of married women ages 15-49)",SP.DYN.CONU.ZS,..,8,..,..,..,..,..,..,..,8.7,..,..,..,..,..,..,..,..,..,..
Eritrea,ERI,Domestic credit provided by financial sector (% of GDP),FS.AST.DOMS.GD.ZS,..,..,..,..,..,..,..,..,..,..,..,..,..,..,..,..,..,..,..,..
Eritrea,ERI,Electric power consumption (kWh per capita),EG.USE.ELEC.KH.PC,81.6938074,87.05959834,89.58189477,86.4031261,85.61362148,79.50081711,81.76096431,79.01313251,83.33547014,85.79258948,89.29768769,92.92010348,95.07983201,96.63457996,..,..,..,..,..,..
Eritrea,ERI,Energy use (kg of oil equivalent per capita),EG.USE.PCAP.KG.OE,312.3427973,301.6550594,308.147877,273.3905212,269.5619165,237.8705569,239.2442617,220.2082943,231.3530475,233.659587,236.3442211,240.7122972,243.0600103,245.9196049,..,..,..,..,..,..
Eritrea,ERI,Exports of goods and services (% of GDP),NE.EXP.GNFS.ZS,10.80704036,11.78118084,6.442327834,5.775398982,6.16571332,6.899509392,5.771852584,4.428756649,4.528623859,6.378376598,18.15483726,..,..,..,..,..,..,..,..,..
Eritrea,ERI,"External debt stocks, total (DOD, current US$)",DT.DOD.DECT.CD,432797640.1,540750572.1,656094138.2,760244436.6,757208868.8,822735305.2,896724741.4,997784245.2,1050653956,1037276234,1050966567,990937207.5,943357521.7,906782925.5,873287801.3,797254598.7,820766657.9,791199901.6,771710773.6,788537429.3
Eritrea,ERI,"Fertility rate, total (births per woman)",SP.DYN.TFRT.IN,5.227,5.145,5.073,5.007,4.945,4.881,4.812,4.737,4.656,4.571,4.486,4.407,4.335,4.273,4.217,4.164,4.112,4.056,3.997,..
Eritrea,ERI,"Foreign direct investment, net inflows (BoP, current US$)",BX.KLT.DINV.CD.WD,12131626.4,22766165.8,24999786.5,24103664.8,1431553.8,15375609.7,7206504,39000000,91000000,91000000,39000000,41357999.9,43859000,46511000,49323000,52305000,55468000,61015000,67116000,73828000
Eritrea,ERI,Forest area (sq. km),AG.LND.FRST.K2,11153,11121.4,11089.8,11058.2,11026.6,10995,10963.4,10931.8,10900.2,10868.6,10837,10805.4,10773.8,10742.2,10710.6,10679,10647.4,10615.8,10584.2,10552.6
Eritrea,ERI,GDP (current US$),NY.GDP.MKTP.CD,752368495.5,729321366.7,870247703.2,1109054005,1098425901,1211161880,1317974491,1380188800,1856695551,1589515447,2065001626,..,..,..,..,..,..,..,..,..
Eritrea,ERI,GDP growth (annual %),NY.GDP.MKTP.KD.ZG,8.755435528,3.005429192,-2.655515925,1.451735566,2.574449551,-0.9692171107,1.426822211,-9.783030018,3.876501528,2.194190349,8.679800101,..,..,..,..,..,..,..,..,..
Eritrea,ERI,"GNI per capita, Atlas method (current US$)",NY.GNP.PCAP.CD,310,300,300,340,390,410,420,410,480,510,600,..,..,..,..,..,..,..,..,..
Eritrea,ERI,"GNI per capita, PPP (current international $)",NY.GNP.PCAP.PP.CD,1630,1630,1540,1530,1560,1550,1570,1410,1450,1470,1610,..,..,..,..,..,..,..,..,..
Eritrea,ERI,"GNI, Atlas method (current US$)",NY.GNP.ATLS.CD,742638742.2,749383258.6,778771883.9,922192926.1,1100996799,1183884594,1244706196,1252035687,1501264214,1632264942,1940938992,..,..,..,..,..,..,..,..,..
Eritrea,ERI,"GNI, PPP (current international $)",NY.GNP.MKTP.PP.CD,3882334372,4040941346,3995622454,4151458431,4414188415,4510019762,4705298983,4314353636,4514907122,4650579868,5164760114,..,..,..,..,..,..,..,..,..
Eritrea,ERI,Gross capital formation (% of GDP),NE.GDI.TOTL.ZS,35.26062176,29.54893233,26.54396041,20.26292175,20.33943972,13.68111654,12.67357541,12.71354048,9.263795978,12.38540149,12.62631766,..,..,..,..,..,..,..,..,..
Eritrea,ERI,High-technology exports (% of manufactured exports),TX.VAL.TECH.MF.ZS,..,..,..,..,..,..,..,..,..,..,..,..,..,..,..,..,..,..,..,..
Eritrea,ERI,"Immunization, measles (% of children ages 12-23 months)",SH.IMM.MEAS,84,83,92,96,95,94,92,91,93,95,96,98,94,90,97,99,99,99,99,..
Eritrea,ERI,Imports of goods and services (% of GDP),NE.IMP.GNFS.ZS,61.2556706,64.80898282,67.56549646,59.79550787,54.9403177,38.36133666,28.78770695,26.1321934,23.44351776,31.09308886,29.23895286,..,..,..,..,..,..,..,..,..
Eritrea,ERI,Income share held by lowest 20%,SI.DST.FRST.20,..,..,..,..,..,..,..,..,..,..,..,..,..,..,..,..,..,..,..,..
Eritrea,ERI,"Industry (including construction), value added (% of GDP)",NV.IND.TOTL.ZS,18.53351043,19.17384491,19.69660113,19.61273885,20.4623875,18.15290725,19.19520823,25.91468245,21.81933914,..,..,..,..,..,..,..,..,..,..,..
Eritrea,ERI,"Inflation, GDP deflator (annual %)",NY.GDP.DEFL.KD.ZG,15.07726958,16.14866736,21.87284176,24.79928568,7.623689359,11.39400395,7.288208261,16.0762201,29.50450714,-16.2281997,19.53822815,..,..,..,..,..,..,..,..,..
Eritrea,ERI,"Life expectancy at birth, total (years)",SP.DYN.LE00.IN,55.864,56.5,57.191,57.932,58.707,59.487,60.243,60.952,61.602,62.193,62.732,63.238,63.726,64.201,64.664,65.111,65.538,65.941,66.321,..
Eritrea,ERI,Merchandise trade (% of GDP),TG.VAL.TOTL.GD.ZS,58.74780811,80.89712258,50.5603173,44.2719649,45.61072346,41.86063057,39.68210338,44.26930576,32.36933484,42.33994713,66.82803455,54.05065794,46.2893847,69.19130088,44.89797342,53.17465214,55.95734861,70.10389736,73.45767701,59.50336746
Eritrea,ERI,Military expenditure (% of GDP),MS.MIL.XPND.GD.ZS,22.13679156,20.67187836,20.86574531,..,..,..,..,..,..,..,..,..,..,..,..,..,..,..,..,..
Eritrea,ERI,Mobile cellular subscriptions (per 100 people),IT.CEL.SETS.P2,0,0,0,0.735347376,1.430593503,2.124456644,2.814850214,3.546811572,4.523513423,5.84383531,7.527725817,9.39303406,10.81363751,12.60475399,14.20956809,14.9856792,20.36395515,..,..,..
Eritrea,ERI,"Mortality rate, under-5 (per 1,000 live births)",SH.DYN.MORT,81.1,77.3,73.8,70.5,67.5,64.6,61.9,59.4,57.1,55.1,53.1,51.2,49.5,47.9,46.3,44.8,43.3,41.9,40.6,39.3
Eritrea,ERI,Net barter terms of trade index (2000 = 100),TT.PRI.MRCH.XD.WD,103.6655891,91.57530238,92.18178976,91.22568207,95.91993139,97.45066149,100.6633706,92.95923078,99.56269753,105.7587964,107.0432192,104.9661758,106.5062754,106.1688559,101.4554016,103.3548958,111.2770097,112.4628238,109.6927063,105.8925705
Eritrea,ERI,Net migration,SM.POP.NETM,..,227290,..,..,..,..,-80009,..,..,..,..,-246000,..,..,..,..,-199290,..,..,..
Eritrea,ERI,Net official development assistance and official aid received (current US$),DT.ODA.ALLD.CD,284700012.2,226669998.2,316959991.5,263519989,349739990.2,126190002.4,158529998.8,145419998.2,142619995.1,162309997.6,133410003.7,135970001.2,81309997.56,84190002.44,93919998.17,66819999.69,79199996.95,84239997.86,276929992.7,..
Eritrea,ERI,"Personal remittances, received (current US$)",BX.TRF.PWKR.CD.DT,..,..,..,..,0,0,0,0,0,0,0,0,0,0,0,0,0,0,0,..
Eritrea,ERI,Population density (people per sq. km of land area),EN.POP.DNST,23.51208911,24.56494059,25.75219802,26.92880198,27.98666337,28.89315842,29.66871287,30.32457426,30.89029703,31.39046535,31.82147525,32.17924752,32.48963366,32.78657426,33.09720792,33.43126733,33.7910297,34.18610891,34.62492079,35.11313861
Eritrea,ERI,Population growth (annual %),SP.POP.GROW,3.527498231,4.380552826,4.719973616,4.467643594,3.853166896,3.187674572,2.64882178,2.186536353,1.84837072,1.606207281,1.363718869,..,..,..,..,..,..,..,..,..
Eritrea,ERI,"Population, total",SP.POP.TOTL,2374721,2481059,2600972,2719809,2826653,2918209,2996540,3062782,3119920,3170437,3213969,..,..,..,..,..,..,..,..,..
Eritrea,ERI,Poverty headcount ratio at $1.90 a day (2011 PPP) (% of population),SI.POV.DDAY,..,..,..,..,..,..,..,..,..,..,..,..,..,..,..,..,..,..,..,..
Eritrea,ERI,Poverty headcount ratio at national poverty lines (% of population),SI.POV.NAHC,..,..,..,..,..,..,..,..,..,..,..,..,..,..,..,..,..,..,..,..
Eritrea,ERI,"Prevalence of HIV, total (% of population ages 15-49)",SH.DYN.AIDS.ZS,1.4,1.4,1.3,1.2,1.1,1,1,0.9,0.9,0.9,0.8,0.8,0.8,0.7,0.7,0.7,0.6,0.6,0.5,0.5
Eritrea,ERI,"Prevalence of underweight, weight for age (% of children under 5)",SH.STA.MALN.ZS,..,34.3,..,..,..,..,..,..,..,39.4,..,..,..,..,..,..,..,..,..,..
Eritrea,ERI,"Primary completion rate, total (% of relevant age group)",SE.PRM.CMPT.ZS,49.49895096,48.9708519,55.22574997,64.33746338,79.40328979,79.71649933,79.34432983,82.01907349,87.97068787,76.33065033,73.28090668,66.08583832,61.0422287,..,62.84111023,..,64.18666077,60.27051163,..,..
Eritrea,ERI,"Revenue, excluding grants (% of GDP)",GC.REV.XGRT.GD.ZS,..,..,..,..,..,..,..,..,..,..,..,..,..,..,..,..,..,..,..,..
Eritrea,ERI,"School enrollment, primary (% gross)",SE.PRM.ENRR,81.24861145,91.5184021,101.5806808,108.5685883,112.4672318,111.9507217,103.105072,97.44982147,91.38321686,83.67566681,86.23454285,87.27342987,92.24736786,79.85054779,76.16100311,..,68.47451782,68.43383026,..,..
Eritrea,ERI,"School enrollment, primary and secondary (gross), gender parity index (GPI)",SE.ENR.PRSC.FM.ZS,0.7892900109,0.7538899779,0.7581499815,0.7175400257,0.7278400064,0.7306200266,0.78798002,0.7819399834,0.7827600241,0.8094699979,0.8140599728,0.8186399937,0.9362499714,0.8361899853,0.8554599881,..,0.8747799993,0.8787999749,..,..
Eritrea,ERI,"School enrollment, secondary (% gross)",SE.SEC.ENRR,34.51480103,35.42396927,36.05879974,36.67491913,40.3620491,42.51174164,41.60852051,44.91022873,49.02930069,51.99332809,55.62369156,59.33432007,59.88954926,58.9507103,51.82041931,..,47.49213028,47.69710922,..,..
Eritrea,ERI,Statistical Capacity Score (Overall Average) (scale 0 - 100),IQ.SCI.OVRL,..,..,..,37.77777778,40,42.22222222,37.77777778,37.77777778,32.22222222,32.22222222,32.22222222,32.22222222,31.11111111,31.11111111,27.7778,28.8889,28.88886667,27.77776667,27.77776667,31.1111
Eritrea,ERI,Surface area (sq. km),AG.SRF.TOTL.K2,117600,117600,117600,117600,117600,117600,117600,117600,117600,117600,117600,117600,117600,117600,117600,117600,117600,117600,..,..
Eritrea,ERI,Tax revenue (% of GDP),GC.TAX.TOTL.GD.ZS,..,..,..,..,..,..,..,..,..,..,..,..,..,..,..,..,..,..,..,..
Eritrea,ERI,Terrestrial and marine protected areas (% of total territorial area),ER.PTD.TOTL.ZS,..,..,..,..,..,..,..,..,..,..,..,..,..,..,..,4.872187166,2.958340929,2.958340929,..,..
Eritrea,ERI,Time required to start a business (days),IC.REG.DURS,..,..,..,76,76,76,83,84,84,84,84,84,84,84,84,84,84,84,84,..
Eritrea,ERI,"Total debt service (% of exports of goods, services and primary income)",DT.TDS.DECT.EX.ZS,..,..,..,..,..,..,..,..,..,..,..,..,..,..,..,..,..,..,..,..
Eritrea,ERI,Urban population growth (annual %),SP.URB.GROW,6.740118906,7.556630886,7.856421239,7.565127509,6.905860938,6.202907863,5.618298449,5.120303067,3.554282172,3.297772888,3.043941713,..,..,..,..,..,..,..,..,..
Kenya,KEN,"Adolescent fertility rate (births per 1,000 women ages 15-19)",SP.ADO.TFRT,105.6588,104.2,102.7784,101.3568,99.9352,98.5136,97.092,94.9042,92.7164,90.5286,88.3408,86.153,83.938,81.723,79.508,77.293,75.078,74.044,73.01,..
Kenya,KEN,"Agriculture, forestry, and fishing, value added (% of GDP)",NV.AGR.TOTL.ZS,27.84926011,25.8539676,25.80443937,24.92904109,24.2362747,20.5196878,20.58666446,22.19634016,16.25498147,17.56775989,18.89471122,18.82972593,18.61655159,18.34783934,19.46961478,20.03451643,20.89363741,20.31491042,21.16950318,23.04756667
Kenya,KEN,"Annual freshwater withdrawals, total (% of internal resources)",ER.H2O.FWTL.ZS,..,9.983773071,..,..,..,..,13.68668047,..,..,..,..,15.54975845,..,..,..,..,19.47826087,..,..,..
Kenya,KEN,Births attended by skilled health staff (% of total),SH.STA.BRTC.ZS,..,..,41.6,..,..,..,..,..,43.8,..,..,..,..,61.8,..,..,..,..,..,..
Kenya,KEN,CO2 emissions (metric tons per capita),EN.ATM.CO2E.PC,0.2316691482,0.2198404788,0.188299583,0.2085013142,0.2274409127,0.2470182572,0.2420817438,0.2490451343,0.2862954827,0.3007326743,0.3017721646,0.2735464832,0.3097540496,0.3218411076,0.3569463845,0.3826588002,0.3761363789,0.3580284076,..,..
Kenya,KEN,"Contraceptive prevalence, any method (% of married women ages 15-49)",SP.DYN.CONU.ZS,..,..,39.3,..,..,..,..,..,45.5,..,..,..,..,58,64.7,61.6,60.6,62.8,59.7,..
Kenya,KEN,Domestic credit provided by financial sector (% of GDP),FS.AST.DOMS.GD.ZS,..,..,..,..,..,..,..,..,..,..,..,..,..,..,..,..,..,..,..,..
Kenya,KEN,Electric power consumption (kWh per capita),EG.USE.ELEC.KH.PC,113.8862396,113.1200738,118.689293,125.8584649,128.164183,135.8600415,139.4359842,138.8721909,139.7982553,147.8443701,148.7090613,150.4392902,160.9842323,164.3252601,..,..,..,..,..,..
Kenya,KEN,Energy use (kg of oil equivalent per capita),EG.USE.PCAP.KG.OE,431.9814662,426.0163904,423.7140573,433.5064755,436.9270718,443.1654152,440.4651235,443.5401361,456.9495453,464.4134033,461.4656863,454.8357504,468.6365897,505.9965123,..,..,..,..,..,..
Kenya,KEN,Exports of goods and services (% of GDP),NE.EXP.GNFS.ZS,22.93157636,24.89797261,24.08681531,26.61025858,28.50903021,22.98493964,21.91899129,22.67405755,18.77494549,20.12435965,21.54947707,19.86494772,17.79218055,16.47280447,15.1287339,13.2497448,12.73665994,12.54197533,11.4080204,9.677991949
Kenya,KEN,"External debt stocks, total (DOD, current US$)",DT.DOD.DECT.CD,5495276586,6095869528,6715084651,6916593411,6489733476,6691670450,7549036617,7671116766,8563487623,8862420009,10019616788,11808007308,13750968310,16888188082,19761669155,21037318124,26929600434,31413700215,34941393888,38193646114
Kenya,KEN,"Fertility rate, total (births per woman)",SP.DYN.TFRT.IN,5.112,5.045,4.979,4.913,4.843,4.767,4.682,4.587,4.482,4.369,4.248,4.123,3.999,3.879,3.765,3.663,3.572,3.492,3.423,..
Kenya,KEN,"Foreign direct investment, net inflows (BoP, current US$)",BX.KLT.DINV.CD.WD,5302622.939,27618447.06,81738242.64,46063931.45,21211685.4,50674725.18,729054667,95584970.67,116259381,178064198.6,1450460112,1380167160,1118819097,820934459.3,619719962.3,678803417,1266137283,1625921131,1332436904,716756223.6
Kenya,KEN,Forest area (sq. km),AG.LND.FRST.K2,39267.05,38922.2,38577.35,38232.5,37887.65,37542.8,37197.95,36853.1,36508.25,36163.4,35975.54,35787.68,35599.82,35411.96,35224.1,35519.7,35815.3,36110.9,36110.9,36110.9
Kenya,KEN,GDP (current US$),NY.GDP.MKTP.CD,12986007426,13147743911,14904517650,16095337094,18737897745,25825524821,31958195182,35895153328,42347217913,45405587557,46869457318,56396706006,61671425370,68285768554,70120413329,74815121315,82035800868,92202956321,100555485832,101013726529
Kenya,KEN,GDP growth (annual %),NY.GDP.MKTP.KD.ZG,3.779906496,0.54685953,2.932475546,5.104299776,5.906666082,6.472494299,6.850729771,0.2322827457,3.306939815,8.058473603,5.12110612,4.568679614,3.797848393,5.020111002,4.967721128,4.213517068,3.815506427,5.62910144,4.981132628,-0.316182729
Kenya,KEN,"GNI per capita, Atlas method (current US$)",NY.GNP.PCAP.CD,400,380,400,450,510,580,700,820,820,920,1000,1050,1110,1230,1300,1460,1510,1680,1830,1840
Kenya,KEN,"GNI per capita, PPP (current international $)",NY.GNP.PCAP.PP.CD,1870,1860,1900,2000,2140,2280,2430,2420,2140,2290,2440,2520,2740,2980,3320,3880,4130,4380,4570,4500
Kenya,KEN,"GNI, Atlas method (current US$)",NY.GNP.ATLS.CD,13000594243,12882107442,14031381215,16076230711,18609116463,21847775290,27060703358,32710330148,33429518993,38745124719,43127821632,46512359866,50624918969,57582701544,62095731219,71748228453,75729822839,86570500446,96119242042,98810733510
Kenya,KEN,"GNI, PPP (current international $)",NY.GNP.MKTP.PP.CD,61497051469,62913426484,65864946642,71218928975,78280737271,85687607660,93869205965,96222933340,87527899347,96178368438,105284725887,111702555544,124600115565,139107161406,158922253444,190212512401,207226682942,224899304921,240094896923,242046296542
Kenya,KEN,Gross capital formation (% of GDP),NE.GDI.TOTL.ZS,18.79034052,15.13821589,16.48214939,16.96249556,17.64968479,18.6335854,20.45697839,19.61271142,19.01917242,21.2639988,21.88581228,22.19336293,22.4049681,24.950719,22.1033982,19.34843583,20.6634949,19.37598625,19.10960432,19.6700416
Kenya,KEN,High-technology exports (% of manufactured exports),TX.VAL.TECH.MF.ZS,..,..,..,..,..,..,..,4.694291356,6.062373102,6.716909599,..,..,4.068780736,..,4.365945901,7.586035054,3.348549014,3.612961218,4.592515618,5.111708003
Kenya,KEN,"Immunization, measles (% of children ages 12-23 months)",SH.IMM.MEAS,77,78,72,73,69,77,80,90,88,86,87,93,94,95,96,96,89,89,89,..
Kenya,KEN,Imports of goods and services (% of GDP),NE.IMP.GNFS.ZS,33.01525966,30.27469965,30.04545059,32.86674477,35.96983595,32.25154548,31.97579751,34.90454109,27.17024632,30.2699277,36.8527289,31.7587443,29.67246196,29.6976849,25.19865079,21.61527477,23.25839793,21.87277784,20.2959314,17.67505732
Kenya,KEN,Income share held by lowest 20%,SI.DST.FRST.20,..,..,..,..,5,..,..,..,..,..,..,..,..,..,6.2,..,..,..,..,..
Kenya,KEN,"Industry (including construction), value added (% of GDP)",NV.IND.TOTL.ZS,15.30962409,15.45356118,15.62315004,16.20507734,17.01262604,19.38410594,19.30216808,18.58277173,18.38662467,18.57467277,19.66290083,19.26155256,19.08025911,19.0360328,18.8940457,18.16215929,17.50350921,17.31314613,16.7416627,17.3768845
Kenya,KEN,"Inflation, GDP deflator (annual %)",NY.GDP.DEFL.KD.ZG,1.573120299,0.9332055561,6.197313239,7.126841556,4.899649719,23.53013325,8.129485595,15.15117496,27.69681638,1.639199648,10.06501297,9.522972212,7.337562234,7.635031901,9.238654684,5.849628946,7.605200324,4.233621101,4.590190839,5.181970295
Kenya,KEN,"Life expectancy at birth, total (years)",SP.DYN.LE00.IN,51.101,51.606,52.41,53.475,54.732,56.093,57.463,58.76,59.932,60.959,61.851,62.659,63.419,64.135,64.798,65.393,65.909,66.342,66.699,..
Kenya,KEN,Merchandise trade (% of GDP),TG.VAL.TOTL.GD.ZS,39.55026231,40.77505644,41.16872578,44.96333291,49.45058473,41.56740308,40.8971781,44.93364286,34.63037414,38.01734749,43.8195814,39.74877539,36.01992311,35.89474135,31.37317502,26.46791137,27.34659717,25.41133271,23.3642151,21.25354715
Kenya,KEN,Military expenditure (% of GDP),MS.MIL.XPND.GD.ZS,1.504754902,1.632407811,1.650099843,1.614194237,1.690587014,1.45517741,1.54791228,1.615850294,1.561448035,1.555137868,1.541418951,1.666388978,1.561909916,1.33290268,1.318070261,1.348739783,1.289110978,1.266408803,1.16769139,1.104839819
Kenya,KEN,Mobile cellular subscriptions (per 100 people),IT.CEL.SETS.P2,1.826563864,3.517217291,4.587200143,7.145047389,12.59244566,19.49669464,29.32215145,40.97200639,47.34403568,59.40635121,65.03449165,69.30390445,69.92534333,72.01839698,78.77455056,79.47190398,85.25315693,96.32021675,103.7690208,114.2038756
Kenya,KEN,"Mortality rate, under-5 (per 1,000 live births)",SH.DYN.MORT,94.2,89.8,85.4,81,76.3,72,68,63.5,59.9,57.4,55.5,54.1,52.3,50.6,48.9,47.2,45.9,44.3,43,41.9
Kenya,KEN,Net barter terms of trade index (2000 = 100),TT.PRI.MRCH.XD.WD,94.39081957,90.88274002,91.03849087,97.07417879,98.87310349,98.24311616,95.37028058,94.99223574,105.7432784,104.537767,100.3850961,99.98492429,96.26545117,97.09315444,109.6854627,108.9979037,114.6100399,108.123074,107.0607622,106.1057818
Kenya,KEN,Net migration,SM.POP.NETM,..,25144,..,..,..,..,-189330,..,..,..,..,-50000,..,..,..,..,-50000,..,..,..
Kenya,KEN,Net official development assistance and official aid received (current US$),DT.ODA.ALLD.CD,472410003.7,388220001.2,522900024.4,655929992.7,756570007.3,941650024.4,1329359985,1363400024,1782479980,1631260010,2478820068,2653659912,3306840088,2661030029,2463560059,2188389893,2480219971,2490929932,3250969971,..
Kenya,KEN,"Personal remittances, received (current US$)",BX.TRF.PWKR.CD.DT,50914426.28,57143479.98,65845295.38,375811334.2,424991045.9,570459274,645217182.5,667312380.3,631470507.8,685755700.5,934139771.4,1211015734,1304270349,1440840740,1569256448,1744642661,1962264726,2720366061,2838192215,3100000000
Kenya,KEN,Population density (people per sq. km of land area),EN.POP.DNST,57.71614893,59.30306427,60.93189901,62.61248023,64.35129669,66.15075201,68.00775556,69.91598552,71.86596971,73.8494641,75.86581509,77.91311277,79.98029659,82.05373546,84.12400991,86.18535158,88.24040834,90.29864357,92.37440173,94.47816003
Kenya,KEN,Population growth (annual %),SP.POP.GROW,2.728048712,2.712396698,2.709585204,2.720779221,2.739246149,2.757917431,2.768549226,2.767256336,2.750853799,2.722590001,2.693743646,2.662807804,2.618604478,2.559403145,2.491767548,2.420820938,2.356477449,2.305743642,2.272746379,2.251879431
Kenya,KEN,"Population, total",SP.POP.TOTL,32848569,33751746,34678781,35635267,36624897,37649039,38705934,39791984,40901798,42030684,43178270,44343469,45519986,46700063,47878339,49051531,50221146,51392570,52573967,53771300
Kenya,KEN,Poverty headcount ratio at $1.90 a day (2011 PPP) (% of population),SI.POV.DDAY,..,..,..,..,43.9,..,..,..,..,..,..,..,..,..,37.1,..,..,..,..,..
Kenya,KEN,Poverty headcount ratio at national poverty lines (% of population),SI.POV.NAHC,..,..,..,..,46.8,..,..,..,..,..,..,..,..,..,36.1,..,..,..,..,..
Kenya,KEN,"Prevalence of HIV, total (% of population ages 15-49)",SH.DYN.AIDS.ZS,8.6,8.1,7.6,7.2,6.8,6.4,6.2,6,5.9,5.7,5.6,5.5,5.3,5.2,5,4.9,4.7,4.5,4.4,4.2
Kenya,KEN,"Prevalence of underweight, weight for age (% of children under 5)",SH.STA.MALN.ZS,..,..,16.4,..,18,..,..,16.5,..,..,12.7,..,..,11.2,..,..,..,..,..,..
Kenya,KEN,"Primary completion rate, total (% of relevant age group)",SE.PRM.CMPT.ZS,..,..,..,86.32241821,86.94249725,..,..,..,..,..,..,..,..,97.2009964,99.1434021,99.67874146,..,..,..,..
Kenya,KEN,"Revenue, excluding grants (% of GDP)",GC.REV.XGRT.GD.ZS,..,..,..,..,..,..,..,..,..,..,..,..,..,19.56210588,19.35154294,19.06577553,21.1458722,18.67893421,19.06442189,..
Kenya,KEN,"School enrollment, primary (% gross)",SE.PRM.ENRR,94.38105011,88.24179077,101.8224182,100.4438934,99.34629059,96.34754181,102.3654938,102.2847977,103.9144974,..,..,109.4177322,..,105.7534103,103.6615677,103.2053375,..,..,..,..
Kenya,KEN,"School enrollment, primary and secondary (gross), gender parity index (GPI)",SE.ENR.PRSC.FM.ZS,0.9621800184,0.9446499944,0.9646000266,0.9338300228,0.9516999722,0.9543700218,0.9463199973,0.9542899728,0.9505299926,..,..,..,..,..,..,..,..,..,..,..
Kenya,KEN,"School enrollment, secondary (% gross)",SE.SEC.ENRR,39.89260864,40.51174927,42.54299927,46.42583847,46.99057007,48.77145004,50.77267075,56.59352112,56.76036835,..,..,..,..,..,..,..,..,..,..,..
Kenya,KEN,Statistical Capacity Score (Overall Average) (scale 0 - 100),IQ.SCI.OVRL,..,..,..,64.44444444,58.88888889,58.88888889,62.22222222,64.44444444,62.22222222,62.22222222,61.11111111,57.77777778,52.22222222,54.44444444,54.44443333,55.55553333,57.77776667,52.22223333,57.7778,57.7778
Kenya,KEN,Surface area (sq. km),AG.SRF.TOTL.K2,580370,580370,580370,580370,580370,580370,580370,580370,580370,580370,580370,580370,580370,580370,580370,580370,580370,580370,..,..
Kenya,KEN,Tax revenue (% of GDP),GC.TAX.TOTL.GD.ZS,..,..,..,..,..,..,..,..,..,..,..,..,..,15.18702127,14.83948265,14.96647273,15.05246413,14.36127892,15.07371418,..
Kenya,KEN,Terrestrial and marine protected areas (% of total territorial area),ER.PTD.TOTL.ZS,..,..,..,..,..,..,..,..,..,..,..,..,..,..,..,10.50502138,10.50508289,10.50508289,..,..
Kenya,KEN,Time required to start a business (days),IC.REG.DURS,..,..,60,47,55,55,45,33,33,33,35,34,34,32,28,22,23,23,23,..
Kenya,KEN,"Total debt service (% of exports of goods, services and primary income)",DT.TDS.DECT.EX.ZS,15.87707243,16.35184602,15.8395942,8.282711143,9.987299541,7.135561691,6.327983994,4.88400727,5.140200302,4.403750851,4.314674989,4.637541769,4.727065838,11.35995224,8.327963997,11.16026295,14.60736242,23.71720592,38.37578419,27.84116895
Kenya,KEN,Urban population growth (annual %),SP.URB.GROW,4.457424985,4.436659724,4.4284938,4.434101557,4.437553691,4.450556642,4.455300221,4.447968929,4.416731018,4.382382141,4.368161929,4.346574584,4.318866269,4.26693624,4.209608113,4.147966729,4.091955864,4.052318246,4.022059045,4.010417757
Somalia,SOM,"Adolescent fertility rate (births per 1,000 women ages 15-19)",SP.ADO.TFRT,127.2234,127.378,127.326,127.274,127.222,127.17,127.118,123.7696,120.4212,117.0728,113.7244,110.376,108.3178,106.2596,104.2014,102.1432,100.085,97.6452,95.2054,..
Somalia,SOM,"Agriculture, forestry, and fishing, value added (% of GDP)",NV.AGR.TOTL.ZS,..,..,..,..,..,..,..,..,..,..,..,..,..,..,..,..,..,..,..,..
Somalia,SOM,"Annual freshwater withdrawals, total (% of internal resources)",ER.H2O.FWTL.ZS,..,54.92166667,..,..,..,..,54.96666667,..,..,..,..,54.96666667,..,..,..,..,54.96666667,..,..,..
Somalia,SOM,Births attended by skilled health staff (% of total),SH.STA.BRTC.ZS,..,24.8,..,..,..,9.4,..,..,..,..,..,..,..,..,..,..,..,..,..,..
Somalia,SOM,CO2 emissions (metric tons per capita),EN.ATM.CO2E.PC,0.05551492323,0.05999156961,0.05909074423,0.05725425757,0.05551909589,0.05388379532,0.05595606258,0.05439938343,0.05205803771,0.05230869837,0.05090372288,0.04954588055,0.04975615275,0.04842228644,0.04711099437,0.0465259398,0.04523905241,0.04597479049,..,..
Somalia,SOM,"Contraceptive prevalence, any method (% of married women ages 15-49)",SP.DYN.CONU.ZS,..,..,..,..,..,14.6,..,..,..,..,9.8,..,..,..,..,..,..,..,6.9,..
Somalia,SOM,Domestic credit provided by financial sector (% of GDP),FS.AST.DOMS.GD.ZS,..,..,..,..,..,..,..,..,..,..,..,..,..,..,..,..,..,..,..,..
Somalia,SOM,Electric power consumption (kWh per capita),EG.USE.ELEC.KH.PC,..,..,..,..,..,..,..,..,..,..,..,..,..,..,..,..,..,..,..,..
Somalia,SOM,Energy use (kg of oil equivalent per capita),EG.USE.PCAP.KG.OE,..,..,..,..,..,..,..,..,..,..,..,..,..,..,..,..,..,..,..,..
Somalia,SOM,Exports of goods and services (% of GDP),NE.EXP.GNFS.ZS,..,..,..,..,..,..,..,..,..,..,..,..,20.61429431,20.92809915,19.46823804,19.29519733,17.72151899,19.1259908,17.4626652,16.91244429
Somalia,SOM,"External debt stocks, total (DOD, current US$)",DT.DOD.DECT.CD,2476280807,2607722167,2762599394,2775888430,2672234286,2762438310,2868829766,2865716564,2943660875,2934384056,2940364940,2940491562,2938897190,2837118512,2770590307,2744666128,2833531570,5558434813,5621339497,4659652465
Somalia,SOM,"Fertility rate, total (births per woman)",SP.DYN.TFRT.IN,7.577,7.517,7.451,7.381,7.306,7.228,7.144,7.055,6.961,6.865,6.765,6.664,6.563,6.462,6.363,6.265,6.168,6.072,5.978,..
Somalia,SOM,"Foreign direct investment, net inflows (BoP, current US$)",BX.KLT.DINV.CD.WD,40000,140000,-850000,-4790000,24000000,96000000,141000000,87000000,108000000,112000000,102000000,107330000,258000000,261000000,303000000,330000000,369000000,408000000,447000000,464000000
Somalia,SOM,Forest area (sq. km),AG.LND.FRST.K2,74382.5,73615,72847.5,72080,71312.5,70545,69777.5,69010,68242.5,67475,66707.5,65940,65172.5,64405,63637.5,62870,62102.5,61335,60567.5,59800
Somalia,SOM,GDP (current US$),NY.GDP.MKTP.CD,..,..,..,..,..,..,..,..,..,..,..,..,4574495667,5021956321,5331761394,5529873480,5609000000,5850677296,6476674592,6965285325
Somalia,SOM,GDP growth (annual %),NY.GDP.MKTP.KD.ZG,..,..,..,..,..,..,..,..,..,..,..,..,..,7.507100039,14.89530142,8.399345781,2.592560223,7.678879802,8.081440022,2.440210973
Somalia,SOM,"GNI per capita, Atlas method (current US$)",NY.GNP.PCAP.CD,..,..,..,..,..,..,..,..,..,..,..,..,..,..,400,400,380,400,420,420
Somalia,SOM,"GNI per capita, PPP (current international $)",NY.GNP.PCAP.PP.CD,..,..,..,..,..,..,..,..,..,..,..,..,810,930,1080,1130,1070,1150,1230,1240
Somalia,SOM,"GNI, Atlas method (current US$)",NY.GNP.ATLS.CD,..,..,..,..,..,..,..,..,..,..,..,..,..,..,5470283071,5698142325,5610570226,6038118179,6517096094,6738681334
Somalia,SOM,"GNI, PPP (current international $)",NY.GNP.MKTP.PP.CD,..,..,..,..,..,..,..,..,..,..,..,..,10521020378,12421640787,14858862411,16020077659,15650537718,17258132506,18991856412,19696456549
Somalia,SOM,Gross capital formation (% of GDP),NE.GDI.TOTL.ZS,..,..,..,..,..,..,..,..,..,..,..,..,..,..,..,..,..,..,..,..
Somalia,SOM,High-technology exports (% of manufactured exports),TX.VAL.TECH.MF.ZS,..,..,..,..,..,..,..,..,..,..,..,..,..,..,..,..,..,..,..,..
Somalia,SOM,"Immunization, measles (% of children ages 12-23 months)",SH.IMM.MEAS,20,45,40,40,35,35,35,34,43,46,46,46,46,46,46,46,46,46,46,..
Somalia,SOM,Imports of goods and services (% of GDP),NE.IMP.GNFS.ZS,..,..,..,..,..,..,..,..,..,..,..,..,77.84464691,77.73862901,74.77829005,75.84260319,82.43893742,87.56251194,83.73124083,83.52852366
Somalia,SOM,Income share held by lowest 20%,SI.DST.FRST.20,..,..,..,..,..,..,..,..,..,..,..,..,..,..,..,..,..,..,..,..
Somalia,SOM,"Industry (including construction), value added (% of GDP)",NV.IND.TOTL.ZS,..,..,..,..,..,..,..,..,..,..,..,..,..,..,..,..,..,..,..,..
Somalia,SOM,"Inflation, GDP deflator (annual %)",NY.GDP.DEFL.KD.ZG,..,..,..,..,..,..,..,..,..,..,..,..,..,7.131284405,1.646434723,-0.8488545358,-0.9742262652,0.4580578551,7.16660484,7.90288028
Somalia,SOM,"Life expectancy at birth, total (years)",SP.DYN.LE00.IN,51.213,51.492,51.762,52.043,52.346,52.669,52.998,53.326,53.654,53.99,54.342,54.713,55.104,55.509,55.92,56.324,56.709,57.068,57.397,..
Somalia,SOM,Merchandise trade (% of GDP),TG.VAL.TOTL.GD.ZS,..,..,..,..,..,..,..,..,..,..,..,..,..,..,..,..,..,..,..,..
Somalia,SOM,Military expenditure (% of GDP),MS.MIL.XPND.GD.ZS,..,..,..,..,..,..,..,..,..,..,..,..,..,..,..,..,..,..,..,..
Somalia,SOM,Mobile cellular subscriptions (per 100 people),IT.CEL.SETS.P2,0.925248116,1.052482902,2.03761187,4.935715757,4.786125749,5.109669771,5.415103319,5.501357001,5.470360545,5.381985195,14.54392552,18.08815585,39.67482109,40.97271307,42.2984343,46.89983586,48.79644016,50.99230249,..,..
Somalia,SOM,"Mortality rate, under-5 (per 1,000 live births)",SH.DYN.MORT,172.7,172.7,172.7,172.7,172.6,172,170.1,166.5,161.9,157.4,152.8,147.8,143,138.4,134.3,130.3,126.1,122,118.3,114.6
Somalia,SOM,Net barter terms of trade index (2000 = 100),TT.PRI.MRCH.XD.WD,100.3183122,99.35268909,102.9456202,104.3415755,103.7408335,108.6684938,106.0773586,102.1239033,100.8599675,93.30557246,89.73157687,96.60270685,101.5022485,102.1783975,92.3737221,94.53540349,98.29727458,97.64052318,99.65311026,97.86388545
Somalia,SOM,Net migration,SM.POP.NETM,..,0,..,..,..,..,-199997,..,..,..,..,-233405,..,..,..,..,-200002,..,..,..
Somalia,SOM,Net official development assistance and official aid received (current US$),DT.ODA.ALLD.CD,149300003.1,152720001.2,176179992.7,201279998.8,240220001.2,396170013.4,393739990.2,765869995.1,661640014.6,505679992.7,1098979980,990460022,1054579956,1109199951,1260560059,1183640015,1760369995,1575180054,1865579956,..
Somalia,SOM,"Personal remittances, received (current US$)",BX.TRF.PWKR.CD.DT,..,..,..,..,0,0,0,0,0,0,0,0,0,0,0,0,0,1482000000,1577000000,1735000000
Somalia,SOM,Population density (people per sq. km of land area),EN.POP.DNST,14.64392355,15.1454315,15.64608028,16.1479437,16.65262218,17.15800682,17.66206842,18.16748175,18.67837377,19.19833902,19.72822552,20.26889247,20.82397265,21.39760098,21.99318392,22.61235534,23.25559505,23.92359008,24.61648548,25.33429879
Somalia,SOM,Population growth (annual %),SP.POP.GROW,3.483042593,3.367346093,3.252148836,3.157229243,3.077497606,2.989724231,2.895437788,2.821396622,2.773309278,2.745739419,2.722661216,2.703694192,2.70175342,2.717395796,2.745377141,2.776386992,2.804929706,2.831925424,2.855135517,2.874280095
Somalia,SOM,"Population, total",SP.POP.TOTL,9186719,9501335,9815412,10130251,10446856,10763904,11080122,11397188,11717691,12043886,12376305,12715487,13063711,13423571,13797204,14185635,14589165,15008225,15442906,15893219
Somalia,SOM,Poverty headcount ratio at $1.90 a day (2011 PPP) (% of population),SI.POV.DDAY,..,..,..,..,..,..,..,..,..,..,..,..,..,..,..,..,68.6,..,..,..
Somalia,SOM,Poverty headcount ratio at national poverty lines (% of population),SI.POV.NAHC,..,..,..,..,..,..,..,..,..,..,..,..,..,..,..,..,..,..,..,..
Somalia,SOM,"Prevalence of HIV, total (% of population ages 15-49)",SH.DYN.AIDS.ZS,0.2,0.3,0.3,0.3,0.3,0.3,0.3,0.2,0.2,0.2,0.2,0.2,0.2,0.1,0.1,0.1,0.1,0.1,0.1,0.1
Somalia,SOM,"Prevalence of underweight, weight for age (% of children under 5)",SH.STA.MALN.ZS,..,..,..,..,..,32.8,..,..,22.5,..,..,..,..,..,..,..,..,..,..,..
Somalia,SOM,"Primary completion rate, total (% of relevant age group)",SE.PRM.CMPT.ZS,..,..,..,..,..,..,..,..,..,..,..,..,..,..,..,..,..,..,..,..
Somalia,SOM,"Revenue, excluding grants (% of GDP)",GC.REV.XGRT.GD.ZS,..,..,..,..,..,..,..,..,..,..,..,..,..,..,..,..,0.0001100983782,0.0001308749017,0.0001416418892,..
Somalia,SOM,"School enrollment, primary (% gross)",SE.PRM.ENRR,..,..,..,..,..,..,23.36354065,..,..,..,..,..,..,..,..,..,..,..,..,..
Somalia,SOM,"School enrollment, primary and secondary (gross), gender parity index (GPI)",SE.ENR.PRSC.FM.ZS,..,..,..,..,..,..,0.5371000171,..,..,..,..,..,..,..,..,..,..,..,..,..
Somalia,SOM,"School enrollment, secondary (% gross)",SE.SEC.ENRR,..,..,..,..,..,..,5.932350159,..,..,..,..,..,..,..,..,..,..,..,..,..
Somalia,SOM,Statistical Capacity Score (Overall Average) (scale 0 - 100),IQ.SCI.OVRL,..,..,..,22.22222222,22.22222222,23.33333333,26.66666667,23.33333333,24.44444444,26.66666667,23.33333333,26.66666667,24.44444444,20,20,20,23.33333333,26.66666667,26.66666667,34.44443333
Somalia,SOM,Surface area (sq. km),AG.SRF.TOTL.K2,637660,637660,637660,637660,637660,637660,637660,637660,637660,637660,637660,637660,637660,637660,637660,637660,637660,637660,..,..
Somalia,SOM,Tax revenue (% of GDP),GC.TAX.TOTL.GD.ZS,..,..,..,..,..,..,..,..,..,..,..,..,..,..,..,..,0.0001100021959,0.0001279431369,9.55E-05,..
Somalia,SOM,Terrestrial and marine protected areas (% of total territorial area),ER.PTD.TOTL.ZS,..,..,..,..,..,..,..,..,..,..,..,..,..,..,..,0.8272836194,..,..,..,..
Somalia,SOM,Time required to start a business (days),IC.REG.DURS,..,..,..,..,..,..,..,..,..,..,..,..,..,..,70,70,70,70,70,..
Somalia,SOM,"Total debt service (% of exports of goods, services and primary income)",DT.TDS.DECT.EX.ZS,..,..,..,..,..,..,..,..,..,..,..,..,..,..,..,0.004946377737,0.003270613208,0.005357291488,0.05423429907,..
Somalia,SOM,Urban population growth (annual %),SP.URB.GROW,4.589765982,4.470811117,5.480739013,5.362537538,5.249031206,5.139335903,-4.648970424,7.38655319,7.210892963,7.073622708,6.931964226,4.05549104,4.037893911,4.042954691,4.062839381,4.088130291,4.108693236,4.130040198,4.143187623,4.154632356
,,,,,,,,,,,,,,,,,,,,,,,
,,,,,,,,,,,,,,,,,,,,,,,
,,,,,,,,,,,,,,,,,,,,,,,
Data from database: World Development Indicators,,,,,,,,,,,,,,,,,,,,,,,
Last Updated: 02/15/2022,,,,,,,,,,,,,,,,,,,,,,,